bank,group_kind,group_name,canon,mcc,effect,mcc_title
ozon,category,Образование,education,8211,include,Начальная и средняя школы
ozon,category,Образование,education,8220,include,"Колледжи, университеты, профессиональные училища и техникумы"
ozon,category,Образование,education,8241,include,Дистанционные школы
ozon,category,Образование,education,8244,include,Бизнес / секретарские школы
ozon,category,Образование,education,8249,include,Профессиональные школы и училища
ozon,category,Образование,education,8299,include,"Образовательные услуги,  нигде более не классифицированные"
ozon,category,Образование,education,8351,include,Услуги ухода за детьми
ozon,category,Авиабилеты,airline,3000,include,United Airlines
ozon,category,Авиабилеты,airline,3001,include,American Airlines
ozon,category,Авиабилеты,airline,3002,include,Pan American
ozon,category,Авиабилеты,airline,3003,include,Eurofly
ozon,category,Авиабилеты,airline,3004,include,Dragonair
ozon,category,Авиабилеты,airline,3005,include,British Airways
ozon,category,Авиабилеты,airline,3006,include,Japan Air Lines
ozon,category,Авиабилеты,airline,3007,include,Air France
ozon,category,Авиабилеты,airline,3008,include,Lufthansa
ozon,category,Авиабилеты,airline,3009,include,Air Canada
ozon,category,Авиабилеты,airline,3010,include,Royal Dutch Airlines
ozon,category,Авиабилеты,airline,3011,include,Аэрофлот
ozon,category,Авиабилеты,airline,3012,include,Qantas
ozon,category,Авиабилеты,airline,3013,include,Alitalia
ozon,category,Авиабилеты,airline,3014,include,Saudi Arabian Airlines
ozon,category,Авиабилеты,airline,3015,include,Swiss International Air Lines
ozon,category,Авиабилеты,airline,3016,include,Scandinavian Airline System
ozon,category,Авиабилеты,airline,3017,include,South African Airways
ozon,category,Авиабилеты,airline,3018,include,Varig (Бразилия)
ozon,category,Авиабилеты,airline,3019,include,"Авиалинии, авиакомпании"
ozon,category,Авиабилеты,airline,3020,include,Air India
ozon,category,Авиабилеты,airline,3021,include,Air Algerie
ozon,category,Авиабилеты,airline,3022,include,Philippine Airlines
ozon,category,Авиабилеты,airline,3023,include,Mexicana
ozon,category,Авиабилеты,airline,3024,include,Pakistan International
ozon,category,Авиабилеты,airline,3025,include,Air New Zealand Limited International
ozon,category,Авиабилеты,airline,3026,include,Emirates Airlines
ozon,category,Авиабилеты,airline,3027,include,Union de Transports Aeriens
ozon,category,Авиабилеты,airline,3028,include,Air Malta
ozon,category,Авиабилеты,airline,3029,include,SN Brussels Airlines
ozon,category,Авиабилеты,airline,3030,include,Aerolineas Argentinas
ozon,category,Авиабилеты,airline,3031,include,Olympic Airways
ozon,category,Авиабилеты,airline,3032,include,El Al
ozon,category,Авиабилеты,airline,3033,include,Ansett Airlines
ozon,category,Авиабилеты,airline,3034,include,Etihad Airways
ozon,category,Авиабилеты,airline,3035,include,Tap (Португалия)
ozon,category,Авиабилеты,airline,3036,include,VASP (Бразилия)
ozon,category,Авиабилеты,airline,3037,include,EgyptAir
ozon,category,Авиабилеты,airline,3038,include,Kuwait Airways
ozon,category,Авиабилеты,airline,3039,include,Avianca
ozon,category,Авиабилеты,airline,3040,include,Gulf Air (Бахрейн)
ozon,category,Авиабилеты,airline,3041,include,Balkan—Bulgarian Airlines
ozon,category,Авиабилеты,airline,3042,include,Finnair
ozon,category,Авиабилеты,airline,3043,include,Aer Lingus
ozon,category,Авиабилеты,airline,3044,include,Air Lanka
ozon,category,Авиабилеты,airline,3045,include,Nigeria Airways
ozon,category,Авиабилеты,airline,3046,include,Cruzeiro do Sul (Бразилия)
ozon,category,Авиабилеты,airline,3047,include,Turkish Airlines
ozon,category,Авиабилеты,airline,3048,include,Royal Air Maroc
ozon,category,Авиабилеты,airline,3049,include,Tunis Air
ozon,category,Авиабилеты,airline,3050,include,Icelandair
ozon,category,Авиабилеты,airline,3051,include,Austrian Airlines
ozon,category,Авиабилеты,airline,3052,include,LAN Airlines
ozon,category,Авиабилеты,airline,3053,include,AVIACO (Испания)
ozon,category,Авиабилеты,airline,3054,include,LADECO (Чили)
ozon,category,Авиабилеты,airline,3055,include,LAB (Боливия)
ozon,category,Авиабилеты,airline,3056,include,Jet Airways
ozon,category,Авиабилеты,airline,3057,include,Virgin America
ozon,category,Авиабилеты,airline,3058,include,Delta
ozon,category,Авиабилеты,airline,3059,include,DBA Airlines
ozon,category,Авиабилеты,airline,3060,include,Northwest Airlines
ozon,category,Авиабилеты,airline,3061,include,Continental
ozon,category,Авиабилеты,airline,3062,include,Hapag-Lloyd Express
ozon,category,Авиабилеты,airline,3063,include,U.S. Airways
ozon,category,Авиабилеты,airline,3064,include,Adria Airways
ozon,category,Авиабилеты,airline,3065,include,Air Inter
ozon,category,Авиабилеты,airline,3066,include,Southwest Airlines
ozon,category,Авиабилеты,airline,3067,include,Vanguard Airlines
ozon,category,Авиабилеты,airline,3068,include,Air Astana
ozon,category,Авиабилеты,airline,3069,include,Sun Country Airlines
ozon,category,Авиабилеты,airline,3071,include,Air British Columbia
ozon,category,Авиабилеты,airline,3072,include,Cebu Pacific
ozon,category,Авиабилеты,airline,3073,include,Air Cal
ozon,category,Авиабилеты,airline,3075,include,Singapore Airlines
ozon,category,Авиабилеты,airline,3076,include,Aeromexico
ozon,category,Авиабилеты,airline,3077,include,Thai Airways
ozon,category,Авиабилеты,airline,3078,include,China Airlines
ozon,category,Авиабилеты,airline,3079,include,Jetstar Airways
ozon,category,Авиабилеты,airline,3081,include,"Авиалинии, авиакомпании"
ozon,category,Авиабилеты,airline,3082,include,Korean Airlines
ozon,category,Авиабилеты,airline,3083,include,Air Afrique
ozon,category,Авиабилеты,airline,3084,include,Eva Airways
ozon,category,Авиабилеты,airline,3085,include,Midwest Express Airlines
ozon,category,Авиабилеты,airline,3086,include,Carnival Airlines
ozon,category,Авиабилеты,airline,3087,include,Metro Airlines
ozon,category,Авиабилеты,airline,3088,include,Croatia Air
ozon,category,Авиабилеты,airline,3089,include,Transaero
ozon,category,Авиабилеты,airline,3090,include,Uni Airways
ozon,category,Авиабилеты,airline,3092,include,Midway Airlines
ozon,category,Авиабилеты,airline,3093,include,"Авиалинии, авиакомпании"
ozon,category,Авиабилеты,airline,3094,include,Zambia Airways
ozon,category,Авиабилеты,airline,3095,include,"Авиалинии, авиакомпании"
ozon,category,Авиабилеты,airline,3096,include,Air Zimbabwe
ozon,category,Авиабилеты,airline,3097,include,Spanair
ozon,category,Авиабилеты,airline,3098,include,Asiana Airlines
ozon,category,Авиабилеты,airline,3099,include,Cathay Pacific
ozon,category,Авиабилеты,airline,3100,include,Malaysian Airline System
ozon,category,Авиабилеты,airline,3101,include,"Авиалинии, авиакомпании"
ozon,category,Авиабилеты,airline,3102,include,Iberia
ozon,category,Авиабилеты,airline,3103,include,Garuda (Индонезия)
ozon,category,Авиабилеты,airline,3104,include,"Авиалинии, авиакомпании"
ozon,category,Авиабилеты,airline,3105,include,"Авиалинии, авиакомпании"
ozon,category,Авиабилеты,airline,3106,include,Braathens S.A.F.E. (Норвегия)
ozon,category,Авиабилеты,airline,3107,include,"Авиалинии, авиакомпании"
ozon,category,Авиабилеты,airline,3109,include,"Авиалинии, авиакомпании"
ozon,category,Авиабилеты,airline,3110,include,"Авиалинии, авиакомпании"
ozon,category,Авиабилеты,airline,3111,include,British Midland
ozon,category,Авиабилеты,airline,3112,include,Windward Island
ozon,category,Авиабилеты,airline,3113,include,"Авиалинии, авиакомпании"
ozon,category,Авиабилеты,airline,3114,include,"Авиалинии, авиакомпании"
ozon,category,Авиабилеты,airline,3115,include,"Авиалинии, авиакомпании"
ozon,category,Авиабилеты,airline,3116,include,"Авиалинии, авиакомпании"
ozon,category,Авиабилеты,airline,3117,include,Venezolana International de Aviacion
ozon,category,Авиабилеты,airline,3118,include,"Авиалинии, авиакомпании"
ozon,category,Авиабилеты,airline,3119,include,"Авиалинии, авиакомпании"
ozon,category,Авиабилеты,airline,3120,include,"Авиалинии, авиакомпании"
ozon,category,Авиабилеты,airline,3121,include,"Авиалинии, авиакомпании"
ozon,category,Авиабилеты,airline,3122,include,"Авиалинии, авиакомпании"
ozon,category,Авиабилеты,airline,3123,include,"Авиалинии, авиакомпании"
ozon,category,Авиабилеты,airline,3124,include,"Авиалинии, авиакомпании"
ozon,category,Авиабилеты,airline,3125,include,Tan Airlines
ozon,category,Авиабилеты,airline,3126,include,"Авиалинии, авиакомпании"
ozon,category,Авиабилеты,airline,3127,include,Taca International
ozon,category,Авиабилеты,airline,3128,include,"Авиалинии, авиакомпании"
ozon,category,Авиабилеты,airline,3129,include,Surinam Airways
ozon,category,Авиабилеты,airline,3130,include,Sunworld International Airways
ozon,category,Авиабилеты,airline,3131,include,VLM Airlines
ozon,category,Авиабилеты,airline,3132,include,Frontier Airlines
ozon,category,Авиабилеты,airline,3133,include,"Авиалинии, авиакомпании"
ozon,category,Авиабилеты,airline,3134,include,"Авиалинии, авиакомпании"
ozon,category,Авиабилеты,airline,3135,include,"Авиалинии, авиакомпании"
ozon,category,Авиабилеты,airline,3136,include,Qatar Airways Company W.L.L.
ozon,category,Авиабилеты,airline,3137,include,"Авиалинии, авиакомпании"
ozon,category,Авиабилеты,airline,3138,include,"Авиалинии, авиакомпании"
ozon,category,Авиабилеты,airline,3139,include,"Авиалинии, авиакомпании"
ozon,category,Авиабилеты,airline,3140,include,"Авиалинии, авиакомпании"
ozon,category,Авиабилеты,airline,3141,include,"Авиалинии, авиакомпании"
ozon,category,Авиабилеты,airline,3142,include,"Авиалинии, авиакомпании"
ozon,category,Авиабилеты,airline,3143,include,"Авиалинии, авиакомпании"
ozon,category,Авиабилеты,airline,3144,include,Virgin Atlantic
ozon,category,Авиабилеты,airline,3145,include,"Авиалинии, авиакомпании"
ozon,category,Авиабилеты,airline,3146,include,Luxair
ozon,category,Авиабилеты,airline,3147,include,"Авиалинии, авиакомпании"
ozon,category,Авиабилеты,airline,3148,include,"Air Littoral, S.A."
ozon,category,Авиабилеты,airline,3150,include,"Авиалинии, авиакомпании"
ozon,category,Авиабилеты,airline,3151,include,Air Zaire
ozon,category,Авиабилеты,airline,3152,include,"Авиалинии, авиакомпании"
ozon,category,Авиабилеты,airline,3153,include,"Авиалинии, авиакомпании"
ozon,category,Авиабилеты,airline,3154,include,"Авиалинии, авиакомпании"
ozon,category,Авиабилеты,airline,3155,include,"Авиалинии, авиакомпании"
ozon,category,Авиабилеты,airline,3156,include,GO FLY Ltd.
ozon,category,Авиабилеты,airline,3157,include,"Авиалинии, авиакомпании"
ozon,category,Авиабилеты,airline,3158,include,"Авиалинии, авиакомпании"
ozon,category,Авиабилеты,airline,3159,include,Provincetown-Boston Airways
ozon,category,Авиабилеты,airline,3160,include,"Авиалинии, авиакомпании"
ozon,category,Авиабилеты,airline,3161,include,All Nippon Airways
ozon,category,Авиабилеты,airline,3162,include,"Авиалинии, авиакомпании"
ozon,category,Авиабилеты,airline,3163,include,"Авиалинии, авиакомпании"
ozon,category,Авиабилеты,airline,3164,include,Norontair
ozon,category,Авиабилеты,airline,3165,include,"Авиалинии, авиакомпании"
ozon,category,Авиабилеты,airline,3166,include,"Авиалинии, авиакомпании"
ozon,category,Авиабилеты,airline,3167,include,Aero Continente
ozon,category,Авиабилеты,airline,3168,include,"Авиалинии, авиакомпании"
ozon,category,Авиабилеты,airline,3169,include,Riyadh Air
ozon,category,Авиабилеты,airline,3170,include,"Авиалинии, авиакомпании"
ozon,category,Авиабилеты,airline,3171,include,Canadian Airlines
ozon,category,Авиабилеты,airline,3172,include,Nation Air
ozon,category,Авиабилеты,airline,3173,include,"Авиалинии, авиакомпании"
ozon,category,Авиабилеты,airline,3174,include,JetBlue Airways
ozon,category,Авиабилеты,airline,3175,include,Middle East Air
ozon,category,Авиабилеты,airline,3176,include,"Авиалинии, авиакомпании"
ozon,category,Авиабилеты,airline,3177,include,AirTran Airways
ozon,category,Авиабилеты,airline,3178,include,Mesa Air
ozon,category,Авиабилеты,airline,3179,include,"Авиалинии, авиакомпании"
ozon,category,Авиабилеты,airline,3180,include,Westjet Airlines
ozon,category,Авиабилеты,airline,3181,include,Malev Hungarian Airlines
ozon,category,Авиабилеты,airline,3182,include,LOT – Polish Airlines
ozon,category,Авиабилеты,airline,3183,include,Oman Aviation Services
ozon,category,Авиабилеты,airline,3184,include,LIAT
ozon,category,Авиабилеты,airline,3185,include,LAV Linea Aeropostal Venezolana
ozon,category,Авиабилеты,airline,3186,include,LAP Lineas Aereas Paraguayas
ozon,category,Авиабилеты,airline,3187,include,LACSA (Коста Рика)
ozon,category,Авиабилеты,airline,3188,include,Virgin Express
ozon,category,Авиабилеты,airline,3189,include,"Авиалинии, авиакомпании"
ozon,category,Авиабилеты,airline,3190,include,Jugoslav Air
ozon,category,Авиабилеты,airline,3191,include,Island Airlines
ozon,category,Авиабилеты,airline,3192,include,"Авиалинии, авиакомпании"
ozon,category,Авиабилеты,airline,3193,include,Indian Airlines
ozon,category,Авиабилеты,airline,3194,include,"Авиалинии, авиакомпании"
ozon,category,Авиабилеты,airline,3195,include,"Авиалинии, авиакомпании"
ozon,category,Авиабилеты,airline,3196,include,Hawaiian Air
ozon,category,Авиабилеты,airline,3197,include,Havasu Airlines
ozon,category,Авиабилеты,airline,3198,include,"Авиалинии, авиакомпании"
ozon,category,Авиабилеты,airline,3199,include,Servicios Aereos Militares
ozon,category,Авиабилеты,airline,3200,include,Guyana Airways
ozon,category,Авиабилеты,airline,3201,include,"Авиалинии, авиакомпании"
ozon,category,Авиабилеты,airline,3202,include,"Авиалинии, авиакомпании"
ozon,category,Авиабилеты,airline,3203,include,"Авиалинии, авиакомпании"
ozon,category,Авиабилеты,airline,3204,include,Freedom Airlines
ozon,category,Авиабилеты,airline,3205,include,"Авиалинии, авиакомпании"
ozon,category,Авиабилеты,airline,3206,include,China Eastern Airlines
ozon,category,Авиабилеты,airline,3207,include,"Авиалинии, авиакомпании"
ozon,category,Авиабилеты,airline,3208,include,"Авиалинии, авиакомпании"
ozon,category,Авиабилеты,airline,3209,include,"Авиалинии, авиакомпании"
ozon,category,Авиабилеты,airline,3210,include,"Авиалинии, авиакомпании"
ozon,category,Авиабилеты,airline,3211,include,Norwegian Air Shuttle
ozon,category,Авиабилеты,airline,3212,include,Dominicana de Aviacion
ozon,category,Авиабилеты,airline,3213,include,Braathens Regional Airlines
ozon,category,Авиабилеты,airline,3214,include,"Авиалинии, авиакомпании"
ozon,category,Авиабилеты,airline,3215,include,"Авиалинии, авиакомпании"
ozon,category,Авиабилеты,airline,3216,include,"Авиалинии, авиакомпании"
ozon,category,Авиабилеты,airline,3217,include,CSA Ceskoslovenske Aerolinie
ozon,category,Авиабилеты,airline,3218,include,"Авиалинии, авиакомпании"
ozon,category,Авиабилеты,airline,3219,include,Compania Panamena de Aviacion
ozon,category,Авиабилеты,airline,3220,include,Compania Faucett
ozon,category,Авиабилеты,airline,3221,include,Transportes Aeros Militares Ecuatorianos
ozon,category,Авиабилеты,airline,3222,include,Command Airways
ozon,category,Авиабилеты,airline,3223,include,Comair
ozon,category,Авиабилеты,airline,3224,include,"Авиалинии, авиакомпании"
ozon,category,Авиабилеты,airline,3225,include,"Авиалинии, авиакомпании"
ozon,category,Авиабилеты,airline,3226,include,Skyways
ozon,category,Авиабилеты,airline,3227,include,"Авиалинии, авиакомпании"
ozon,category,Авиабилеты,airline,3228,include,Cayman Airways
ozon,category,Авиабилеты,airline,3229,include,SAETA (Sociedad Ecuatorianas De Transportes Aereo)
ozon,category,Авиабилеты,airline,3230,include,"Авиалинии, авиакомпании"
ozon,category,Авиабилеты,airline,3231,include,SAHSA (Servicio Aero de Honduras)
ozon,category,Авиабилеты,airline,3232,include,"Авиалинии, авиакомпании"
ozon,category,Авиабилеты,airline,3233,include,"Авиалинии, авиакомпании"
ozon,category,Авиабилеты,airline,3234,include,Caribbean Airlines
ozon,category,Авиабилеты,airline,3235,include,"Авиалинии, авиакомпании"
ozon,category,Авиабилеты,airline,3236,include,Air Arabia Airline
ozon,category,Авиабилеты,airline,3237,include,"Авиалинии, авиакомпании"
ozon,category,Авиабилеты,airline,3238,include,"Авиалинии, авиакомпании"
ozon,category,Авиабилеты,airline,3239,include,Bar Harbor Airlines
ozon,category,Авиабилеты,airline,3240,include,Bahamasair
ozon,category,Авиабилеты,airline,3241,include,Aviateca (Гватемала)
ozon,category,Авиабилеты,airline,3242,include,Avensa
ozon,category,Авиабилеты,airline,3243,include,Austrian Air Service
ozon,category,Авиабилеты,airline,3244,include,"Авиалинии, авиакомпании"
ozon,category,Авиабилеты,airline,3245,include,EasyJet
ozon,category,Авиабилеты,airline,3246,include,Ryanair
ozon,category,Авиабилеты,airline,3247,include,Gol Airlines
ozon,category,Авиабилеты,airline,3248,include,Tam Airlines
ozon,category,Авиабилеты,airline,3249,include,"Авиалинии, авиакомпании"
ozon,category,Авиабилеты,airline,3250,include,"Авиалинии, авиакомпании"
ozon,category,Авиабилеты,airline,3251,include,"Авиалинии, авиакомпании"
ozon,category,Авиабилеты,airline,3252,include,ALM Antilean Airlines
ozon,category,Авиабилеты,airline,3253,include,America West
ozon,category,Авиабилеты,airline,3254,include,Trump Airline
ozon,category,Авиабилеты,airline,3256,include,Alaska Airlines Inc.
ozon,category,Авиабилеты,airline,3257,include,"Авиалинии, авиакомпании"
ozon,category,Авиабилеты,airline,3258,include,"Авиалинии, авиакомпании"
ozon,category,Авиабилеты,airline,3259,include,"Авиалинии, авиакомпании"
ozon,category,Авиабилеты,airline,3260,include,Spirit Airlines
ozon,category,Авиабилеты,airline,3261,include,Air China
ozon,category,Авиабилеты,airline,3262,include,"Авиалинии, авиакомпании"
ozon,category,Авиабилеты,airline,3263,include,Aero Servicio Carabobo
ozon,category,Авиабилеты,airline,3264,include,"Авиалинии, авиакомпании"
ozon,category,Авиабилеты,airline,3265,include,"Авиалинии, авиакомпании"
ozon,category,Авиабилеты,airline,3266,include,Air Seychelles
ozon,category,Авиабилеты,airline,3267,include,Air Panama International
ozon,category,Авиабилеты,airline,3268,include,"Авиалинии, авиакомпании"
ozon,category,Авиабилеты,airline,3270,include,"Авиалинии, авиакомпании"
ozon,category,Авиабилеты,airline,3274,include,"Авиалинии, авиакомпании"
ozon,category,Авиабилеты,airline,3275,include,"Авиалинии, авиакомпании"
ozon,category,Авиабилеты,airline,3276,include,"Авиалинии, авиакомпании"
ozon,category,Авиабилеты,airline,3277,include,"Авиалинии, авиакомпании"
ozon,category,Авиабилеты,airline,3278,include,"Авиалинии, авиакомпании"
ozon,category,Авиабилеты,airline,3279,include,"Авиалинии, авиакомпании"
ozon,category,Авиабилеты,airline,3280,include,Air Jamaica
ozon,category,Авиабилеты,airline,3281,include,"Авиалинии, авиакомпании"
ozon,category,Авиабилеты,airline,3282,include,Air Djibouti
ozon,category,Авиабилеты,airline,3283,include,"Авиалинии, авиакомпании"
ozon,category,Авиабилеты,airline,3284,include,"Авиалинии, авиакомпании"
ozon,category,Авиабилеты,airline,3285,include,Aero Peru
ozon,category,Авиабилеты,airline,3286,include,Aero Nicaraguenses
ozon,category,Авиабилеты,airline,3287,include,Aero Coach Aviation
ozon,category,Авиабилеты,airline,3288,include,"Авиалинии, авиакомпании"
ozon,category,Авиабилеты,airline,3289,include,"Авиалинии, авиакомпании"
ozon,category,Авиабилеты,airline,3290,include,"Авиалинии, авиакомпании"
ozon,category,Авиабилеты,airline,3291,include,"Авиалинии, авиакомпании"
ozon,category,Авиабилеты,airline,3292,include,Cyprus Airways
ozon,category,Авиабилеты,airline,3293,include,Ecuatoriana
ozon,category,Авиабилеты,airline,3294,include,Ethiopian Airlines
ozon,category,Авиабилеты,airline,3295,include,Kenya Airways
ozon,category,Авиабилеты,airline,3296,include,Air Berlin
ozon,category,Авиабилеты,airline,3297,include,Tarom Romanian Air Transport
ozon,category,Авиабилеты,airline,3298,include,Air Mauritius
ozon,category,Авиабилеты,airline,3299,include,Wideroes Flyveselskap
ozon,category,Авиабилеты,airline,3300,include,Azul Air
ozon,category,Авиабилеты,airline,3301,include,Wizz Air
ozon,category,Авиабилеты,airline,3302,include,Flybe Air
ozon,category,Авиабилеты,airline,3308,include,
ozon,category,Авиабилеты,airline,4304,include,Категория неизвестна
ozon,category,Авиабилеты,airline,4415,include,
ozon,category,Авиабилеты,airline,4418,include,
ozon,category,Авиабилеты,airline,4511,include,"Авиалинии, авиакомпании - нигде более не классифицированные"
ozon,category,Авиабилеты,airline,4582,include,"Аэропорты, терминалы аэропортов, лётные поля"
ozon,category,ЖД билеты,rail,4011,include,Железные дороги – перевозка грузов
ozon,category,ЖД билеты,rail,4112,include,Пассажирские железнодорожные перевозки
ozon,category,Отели,hotels,3501,include,Holiday Inns
ozon,category,Отели,hotels,3502,include,Best Western Hotels
ozon,category,Отели,hotels,3503,include,Sheraton Hotels
ozon,category,Отели,hotels,3504,include,Hilton Hotels
ozon,category,Отели,hotels,3505,include,Forte Hotels
ozon,category,Отели,hotels,3506,include,Golden Tulip Hotels
ozon,category,Отели,hotels,3507,include,Friendship Inns
ozon,category,Отели,hotels,3508,include,Quality Inns
ozon,category,Отели,hotels,3509,include,Marriott Hotels
ozon,category,Отели,hotels,3510,include,Days Inn
ozon,category,Отели,hotels,3511,include,Arabella Hotels
ozon,category,Отели,hotels,3512,include,Inter-continental Hotels
ozon,category,Отели,hotels,3513,include,Westin Hotels
ozon,category,Отели,hotels,3514,include,"Отели, мотели, курорты"
ozon,category,Отели,hotels,3515,include,Rodeway Inns
ozon,category,Отели,hotels,3516,include,La Quinta Motor Inns
ozon,category,Отели,hotels,3517,include,Americana Hotels
ozon,category,Отели,hotels,3518,include,Sol Hotels
ozon,category,Отели,hotels,3519,include,Pullman International Hotels
ozon,category,Отели,hotels,3520,include,Meridien Hotels
ozon,category,Отели,hotels,3521,include,Crest Hotels (see Forte Hotels)
ozon,category,Отели,hotels,3522,include,Tokyo Hotel
ozon,category,Отели,hotels,3523,include,Pennsula Hotel
ozon,category,Отели,hotels,3524,include,Welcomgroup Hotels
ozon,category,Отели,hotels,3525,include,Dunfey Hotels
ozon,category,Отели,hotels,3526,include,"Отели, мотели, курорты"
ozon,category,Отели,hotels,3527,include,Downtowner-passport Hotel
ozon,category,Отели,hotels,3528,include,Red Lion Hotels
ozon,category,Отели,hotels,3529,include,Cp Hotels
ozon,category,Отели,hotels,3530,include,Renaissance Hotels
ozon,category,Отели,hotels,3531,include,Astir Hotels
ozon,category,Отели,hotels,3532,include,Sun Route Hotels
ozon,category,Отели,hotels,3533,include,Hotel Ibis
ozon,category,Отели,hotels,3534,include,Southern Pacific Hotels
ozon,category,Отели,hotels,3535,include,Hilton International
ozon,category,Отели,hotels,3536,include,Amfac Hotels
ozon,category,Отели,hotels,3537,include,Ana Hotel
ozon,category,Отели,hotels,3538,include,Concorde Hotels
ozon,category,Отели,hotels,3539,include,"Отели, мотели, курорты"
ozon,category,Отели,hotels,3540,include,Iberotel Hotels
ozon,category,Отели,hotels,3541,include,Hotel Okura
ozon,category,Отели,hotels,3542,include,Royal Hotels
ozon,category,Отели,hotels,3543,include,Four Seasons Hotels
ozon,category,Отели,hotels,3544,include,Ciga Hotels
ozon,category,Отели,hotels,3545,include,Shangri-la International
ozon,category,Отели,hotels,3546,include,"Отели, мотели, курорты"
ozon,category,Отели,hotels,3547,include,"Отели, мотели, курорты"
ozon,category,Отели,hotels,3548,include,Hoteles Melia
ozon,category,Отели,hotels,3549,include,Auberge Des Governeurs
ozon,category,Отели,hotels,3550,include,Regal 8 Inns
ozon,category,Отели,hotels,3551,include,"Отели, мотели, курорты"
ozon,category,Отели,hotels,3552,include,Coast Hotels
ozon,category,Отели,hotels,3553,include,Park Inns International
ozon,category,Отели,hotels,3554,include,"Отели, мотели, курорты"
ozon,category,Отели,hotels,3555,include,"Отели, мотели, курорты"
ozon,category,Отели,hotels,3556,include,"Отели, мотели, курорты"
ozon,category,Отели,hotels,3557,include,"Отели, мотели, курорты"
ozon,category,Отели,hotels,3558,include,Jolly Hotels
ozon,category,Отели,hotels,3559,include,"Отели, мотели, курорты"
ozon,category,Отели,hotels,3560,include,"Отели, мотели, курорты"
ozon,category,Отели,hotels,3561,include,"Отели, мотели, курорты"
ozon,category,Отели,hotels,3562,include,Comfort Inns
ozon,category,Отели,hotels,3563,include,Journey’s End Motls
ozon,category,Отели,hotels,3564,include,"Отели, мотели, курорты"
ozon,category,Отели,hotels,3565,include,Relax Inns
ozon,category,Отели,hotels,3566,include,"Отели, мотели, курорты"
ozon,category,Отели,hotels,3567,include,"Отели, мотели, курорты"
ozon,category,Отели,hotels,3568,include,Ladbroke Hotels
ozon,category,Отели,hotels,3569,include,"Отели, мотели, курорты"
ozon,category,Отели,hotels,3570,include,Forum Hotels
ozon,category,Отели,hotels,3571,include,"Отели, мотели, курорты"
ozon,category,Отели,hotels,3572,include,Miyako Hotels
ozon,category,Отели,hotels,3573,include,Sandman Hotels
ozon,category,Отели,hotels,3574,include,Venture Inns
ozon,category,Отели,hotels,3575,include,Vagabond Hotels
ozon,category,Отели,hotels,3576,include,"Отели, мотели, курорты"
ozon,category,Отели,hotels,3577,include,Mandarin Oriental Hotel
ozon,category,Отели,hotels,3578,include,"Отели, мотели, курорты"
ozon,category,Отели,hotels,3579,include,Hotel Mercure
ozon,category,Отели,hotels,3580,include,"Отели, мотели, курорты"
ozon,category,Отели,hotels,3581,include,Delta Hotel
ozon,category,Отели,hotels,3582,include,"Отели, мотели, курорты"
ozon,category,Отели,hotels,3583,include,Sas Hotels
ozon,category,Отели,hotels,3584,include,Princess Hotels International
ozon,category,Отели,hotels,3585,include,Hungar Hotels
ozon,category,Отели,hotels,3586,include,Sokos Hotels
ozon,category,Отели,hotels,3587,include,Doral Hotels
ozon,category,Отели,hotels,3588,include,Helmsley Hotels
ozon,category,Отели,hotels,3589,include,"Отели, мотели, курорты"
ozon,category,Отели,hotels,3590,include,Fairmont Hotels
ozon,category,Отели,hotels,3591,include,Sonesta Hotels
ozon,category,Отели,hotels,3592,include,Omni Hotels
ozon,category,Отели,hotels,3593,include,Cunard Hotels
ozon,category,Отели,hotels,3594,include,"Отели, мотели, курорты"
ozon,category,Отели,hotels,3595,include,Hospitality International
ozon,category,Отели,hotels,3596,include,"Отели, мотели, курорты"
ozon,category,Отели,hotels,3597,include,"Отели, мотели, курорты"
ozon,category,Отели,hotels,3598,include,Regent International Hotels
ozon,category,Отели,hotels,3599,include,Pannonia Hotels
ozon,category,Отели,hotels,3600,include,"Отели, мотели, курорты"
ozon,category,Отели,hotels,3601,include,"Отели, мотели, курорты"
ozon,category,Отели,hotels,3602,include,"Отели, мотели, курорты"
ozon,category,Отели,hotels,3603,include,Noah’s Hotels
ozon,category,Отели,hotels,3604,include,"Отели, мотели, курорты"
ozon,category,Отели,hotels,3605,include,"Отели, мотели, курорты"
ozon,category,Отели,hotels,3606,include,"Отели, мотели, курорты"
ozon,category,Отели,hotels,3607,include,"Отели, мотели, курорты"
ozon,category,Отели,hotels,3608,include,"Отели, мотели, курорты"
ozon,category,Отели,hotels,3609,include,"Отели, мотели, курорты"
ozon,category,Отели,hotels,3610,include,"Отели, мотели, курорты"
ozon,category,Отели,hotels,3611,include,"Отели, мотели, курорты"
ozon,category,Отели,hotels,3612,include,Movenpick Hotels
ozon,category,Отели,hotels,3613,include,"Отели, мотели, курорты"
ozon,category,Отели,hotels,3614,include,"Отели, мотели, курорты"
ozon,category,Отели,hotels,3615,include,Travelodge
ozon,category,Отели,hotels,3616,include,"Отели, мотели, курорты"
ozon,category,Отели,hotels,3617,include,"Отели, мотели, курорты"
ozon,category,Отели,hotels,3618,include,"Отели, мотели, курорты"
ozon,category,Отели,hotels,3619,include,"Отели, мотели, курорты"
ozon,category,Отели,hotels,3620,include,Telford International
ozon,category,Отели,hotels,3621,include,"Отели, мотели, курорты"
ozon,category,Отели,hotels,3622,include,Merlin Hotels
ozon,category,Отели,hotels,3623,include,Dorint Hotels
ozon,category,Отели,hotels,3624,include,"Отели, мотели, курорты"
ozon,category,Отели,hotels,3625,include,Hotle Universale
ozon,category,Отели,hotels,3626,include,Prince Hotels
ozon,category,Отели,hotels,3627,include,"Отели, мотели, курорты"
ozon,category,Отели,hotels,3628,include,"Отели, мотели, курорты"
ozon,category,Отели,hotels,3629,include,Dan Hotels
ozon,category,Отели,hotels,3630,include,"Отели, мотели, курорты"
ozon,category,Отели,hotels,3631,include,"Отели, мотели, курорты"
ozon,category,Отели,hotels,3632,include,"Отели, мотели, курорты"
ozon,category,Отели,hotels,3633,include,Rank Hotels
ozon,category,Отели,hotels,3634,include,Swissotel
ozon,category,Отели,hotels,3635,include,Reso Hotels
ozon,category,Отели,hotels,3636,include,Sarova Hotels
ozon,category,Отели,hotels,3637,include,Ramada Inns
ozon,category,Отели,hotels,3638,include,Ho Jo Inn
ozon,category,Отели,hotels,3639,include,Mount Charlotte Thistle
ozon,category,Отели,hotels,3640,include,Hyatt Hotel
ozon,category,Отели,hotels,3641,include,Sofitel Hotels
ozon,category,Отели,hotels,3642,include,Novotel Hotels
ozon,category,Отели,hotels,3643,include,Steigenberger Hotels
ozon,category,Отели,hotels,3644,include,Econo Lodges
ozon,category,Отели,hotels,3645,include,Queens Moat Houses
ozon,category,Отели,hotels,3646,include,Swallow Hotels
ozon,category,Отели,hotels,3647,include,Husa Hotels
ozon,category,Отели,hotels,3648,include,De Vere Hotels
ozon,category,Отели,hotels,3649,include,Radisson Hotels
ozon,category,Отели,hotels,3650,include,Red Rook Inns
ozon,category,Отели,hotels,3651,include,Imperial London Hotel
ozon,category,Отели,hotels,3652,include,Embassy Hotels
ozon,category,Отели,hotels,3653,include,Penta Hotels
ozon,category,Отели,hotels,3654,include,Loews Hotels
ozon,category,Отели,hotels,3655,include,Scandic Hotels
ozon,category,Отели,hotels,3656,include,Sara Hotels
ozon,category,Отели,hotels,3657,include,Oberoi Hotels
ozon,category,Отели,hotels,3658,include,Otani Hotels
ozon,category,Отели,hotels,3659,include,Taj Hotels International
ozon,category,Отели,hotels,3660,include,Knights Inns
ozon,category,Отели,hotels,3661,include,Metropole Hotels
ozon,category,Отели,hotels,3662,include,"Отели, мотели, курорты"
ozon,category,Отели,hotels,3663,include,Hoteles El Presidents
ozon,category,Отели,hotels,3664,include,Flag Inn
ozon,category,Отели,hotels,3665,include,Hampton Inns
ozon,category,Отели,hotels,3666,include,Stakis Hotels
ozon,category,Отели,hotels,3667,include,"Отели, мотели, курорты"
ozon,category,Отели,hotels,3668,include,Maritim Hotels
ozon,category,Отели,hotels,3669,include,"Отели, мотели, курорты"
ozon,category,Отели,hotels,3670,include,Arcard Hotels
ozon,category,Отели,hotels,3671,include,Arctia Hotels
ozon,category,Отели,hotels,3672,include,Campaniel Hotels
ozon,category,Отели,hotels,3673,include,Ibusz Hotels
ozon,category,Отели,hotels,3674,include,Rantasipi Hotels
ozon,category,Отели,hotels,3675,include,Interhotel Cedok
ozon,category,Отели,hotels,3676,include,"Отели, мотели, курорты"
ozon,category,Отели,hotels,3677,include,Climat De France Hotels
ozon,category,Отели,hotels,3678,include,Cumulus Hotels
ozon,category,Отели,hotels,3679,include,Danubius Hotel
ozon,category,Отели,hotels,3680,include,"Отели, мотели, курорты"
ozon,category,Отели,hotels,3681,include,Adams Mark Hotels
ozon,category,Отели,hotels,3682,include,Allstar Inns
ozon,category,Отели,hotels,3683,include,"Отели, мотели, курорты"
ozon,category,Отели,hotels,3684,include,Budget Host Inns
ozon,category,Отели,hotels,3685,include,Budgetel Hotels
ozon,category,Отели,hotels,3686,include,Suisse Chalets
ozon,category,Отели,hotels,3687,include,Clarion Hotels
ozon,category,Отели,hotels,3688,include,Compri Hotels
ozon,category,Отели,hotels,3689,include,Consort Hotels
ozon,category,Отели,hotels,3690,include,Courtyard By Marriott
ozon,category,Отели,hotels,3691,include,Dillion Inns
ozon,category,Отели,hotels,3692,include,Doubletree Hotels
ozon,category,Отели,hotels,3693,include,Drury Inns
ozon,category,Отели,hotels,3694,include,Economy Inns Of America
ozon,category,Отели,hotels,3695,include,Embassy Suites
ozon,category,Отели,hotels,3696,include,Exel Inns
ozon,category,Отели,hotels,3697,include,Farfield Hotels
ozon,category,Отели,hotels,3698,include,Harley Hotels
ozon,category,Отели,hotels,3699,include,Midway Motor Lodge
ozon,category,Отели,hotels,3700,include,Motel 6
ozon,category,Отели,hotels,3701,include,Guest Quarters (formally Pickett Suite Hotels)
ozon,category,Отели,hotels,3702,include,The Registry Hotels
ozon,category,Отели,hotels,3703,include,Residence Inns
ozon,category,Отели,hotels,3704,include,Royce Hotels
ozon,category,Отели,hotels,3705,include,Sandman Inns
ozon,category,Отели,hotels,3706,include,Shilo Inns
ozon,category,Отели,hotels,3707,include,Shoney’s Inns
ozon,category,Отели,hotels,3708,include,"Отели, мотели, курорты"
ozon,category,Отели,hotels,3709,include,Super8 Motels
ozon,category,Отели,hotels,3710,include,The Ritz Carlton Hotels
ozon,category,Отели,hotels,3711,include,Flag Inns (Ausralia)
ozon,category,Отели,hotels,3712,include,Golden Chain Hotel
ozon,category,Отели,hotels,3713,include,Quality Pacific Hotel
ozon,category,Отели,hotels,3714,include,Four Seasons Hotel (Australia)
ozon,category,Отели,hotels,3715,include,Farifield Inn
ozon,category,Отели,hotels,3716,include,Carlton Hotels
ozon,category,Отели,hotels,3717,include,City Lodge Hotels
ozon,category,Отели,hotels,3718,include,Karos Hotels
ozon,category,Отели,hotels,3719,include,Protea Hotels
ozon,category,Отели,hotels,3720,include,Southern Sun Hotels
ozon,category,Отели,hotels,3721,include,Hilton Conrad
ozon,category,Отели,hotels,3722,include,Wyndham Hotel And Resorts
ozon,category,Отели,hotels,3723,include,Rica Hotels
ozon,category,Отели,hotels,3724,include,Iner Nor Hotels
ozon,category,Отели,hotels,3725,include,Seaines Planation
ozon,category,Отели,hotels,3726,include,Rio Suites
ozon,category,Отели,hotels,3727,include,Broadmoor Hotel
ozon,category,Отели,hotels,3728,include,Bally’s Hotel And Casino
ozon,category,Отели,hotels,3729,include,John Ascuaga’s Nugget
ozon,category,Отели,hotels,3730,include,Mgm Grand Hotel
ozon,category,Отели,hotels,3731,include,Harrah’s Hotels And Casinos
ozon,category,Отели,hotels,3732,include,Opryland Hotel
ozon,category,Отели,hotels,3733,include,Boca Raton Resort
ozon,category,Отели,hotels,3734,include,Harvey/bristol Hotels
ozon,category,Отели,hotels,3735,include,"Отели, мотели, курорты"
ozon,category,Отели,hotels,3736,include,Colorado Belle/Edgewater Resort
ozon,category,Отели,hotels,3737,include,Riviera Hotel And Casino
ozon,category,Отели,hotels,3738,include,Tropicana Resort And Casino
ozon,category,Отели,hotels,3739,include,Woodside Hotels And Resorts
ozon,category,Отели,hotels,3740,include,Townplace Suites
ozon,category,Отели,hotels,3741,include,Millenium Broadway Hotel
ozon,category,Отели,hotels,3742,include,Club Med
ozon,category,Отели,hotels,3743,include,Biltmore Hotel And Suites
ozon,category,Отели,hotels,3744,include,Carefree Resorts
ozon,category,Отели,hotels,3745,include,St. Regis Hotel
ozon,category,Отели,hotels,3746,include,The Eliot Hotel
ozon,category,Отели,hotels,3747,include,Clubcorp/club Resorts
ozon,category,Отели,hotels,3748,include,Welesley Inns
ozon,category,Отели,hotels,3749,include,The Beverly Hills Hotel
ozon,category,Отели,hotels,3750,include,Crowne Plaza Hotels
ozon,category,Отели,hotels,3751,include,Homewood Suites
ozon,category,Отели,hotels,3752,include,Peabody Hotels
ozon,category,Отели,hotels,3753,include,Greenbriah Resorts
ozon,category,Отели,hotels,3754,include,Amelia Island Planation
ozon,category,Отели,hotels,3755,include,The Homestead
ozon,category,Отели,hotels,3756,include,South Seas Resorts
ozon,category,Отели,hotels,3757,include,"Отели, мотели, курорты"
ozon,category,Отели,hotels,3758,include,"Отели, мотели, курорты"
ozon,category,Отели,hotels,3759,include,"Отели, мотели, курорты"
ozon,category,Отели,hotels,3760,include,"Отели, мотели, курорты"
ozon,category,Отели,hotels,3761,include,"Отели, мотели, курорты"
ozon,category,Отели,hotels,3762,include,"Отели, мотели, курорты"
ozon,category,Отели,hotels,3763,include,"Отели, мотели, курорты"
ozon,category,Отели,hotels,3764,include,"Отели, мотели, курорты"
ozon,category,Отели,hotels,3765,include,"Отели, мотели, курорты"
ozon,category,Отели,hotels,3766,include,"Отели, мотели, курорты"
ozon,category,Отели,hotels,3767,include,"Отели, мотели, курорты"
ozon,category,Отели,hotels,3768,include,"Отели, мотели, курорты"
ozon,category,Отели,hotels,3769,include,"Отели, мотели, курорты"
ozon,category,Отели,hotels,3770,include,"Отели, мотели, курорты"
ozon,category,Отели,hotels,3771,include,"Отели, мотели, курорты"
ozon,category,Отели,hotels,3772,include,"Отели, мотели, курорты"
ozon,category,Отели,hotels,3773,include,"Отели, мотели, курорты"
ozon,category,Отели,hotels,3774,include,"Отели, мотели, курорты"
ozon,category,Отели,hotels,3775,include,"Отели, мотели, курорты"
ozon,category,Отели,hotels,3776,include,"Отели, мотели, курорты"
ozon,category,Отели,hotels,3777,include,"Отели, мотели, курорты"
ozon,category,Отели,hotels,3778,include,"Отели, мотели, курорты"
ozon,category,Отели,hotels,3779,include,"Отели, мотели, курорты"
ozon,category,Отели,hotels,3780,include,"Отели, мотели, курорты"
ozon,category,Отели,hotels,3781,include,"Отели, мотели, курорты"
ozon,category,Отели,hotels,3782,include,"Отели, мотели, курорты"
ozon,category,Отели,hotels,3783,include,"Отели, мотели, курорты"
ozon,category,Отели,hotels,3784,include,"Отели, мотели, курорты"
ozon,category,Отели,hotels,3785,include,"Отели, мотели, курорты"
ozon,category,Отели,hotels,3786,include,"Отели, мотели, курорты"
ozon,category,Отели,hotels,3787,include,"Отели, мотели, курорты"
ozon,category,Отели,hotels,3788,include,"Отели, мотели, курорты"
ozon,category,Отели,hotels,3789,include,"Отели, мотели, курорты"
ozon,category,Отели,hotels,3790,include,"Отели, мотели, курорты"
ozon,category,Отели,hotels,3791,include,"Отели, мотели, курорты"
ozon,category,Отели,hotels,3792,include,"Отели, мотели, курорты"
ozon,category,Отели,hotels,3793,include,"Отели, мотели, курорты"
ozon,category,Отели,hotels,3794,include,"Отели, мотели, курорты"
ozon,category,Отели,hotels,3795,include,"Отели, мотели, курорты"
ozon,category,Отели,hotels,3796,include,"Отели, мотели, курорты"
ozon,category,Отели,hotels,3797,include,"Отели, мотели, курорты"
ozon,category,Отели,hotels,3798,include,"Отели, мотели, курорты"
ozon,category,Отели,hotels,3799,include,"Отели, мотели, курорты"
ozon,category,Отели,hotels,3800,include,Homestead Suites
ozon,category,Отели,hotels,3801,include,Wilderness Hotel and Resort
ozon,category,Отели,hotels,3802,include,The Palace Hotel
ozon,category,Отели,hotels,3803,include,The Wigwam Golf Resort and Spa
ozon,category,Отели,hotels,3804,include,The Diplomat Country Club and Spa
ozon,category,Отели,hotels,3805,include,The Atlantic
ozon,category,Отели,hotels,3806,include,Princeville Resort
ozon,category,Отели,hotels,3807,include,Element
ozon,category,Отели,hotels,3808,include,LXR (Luxury Resorts)
ozon,category,Отели,hotels,3809,include,Settle Inn
ozon,category,Отели,hotels,3810,include,La Costa Resort
ozon,category,Отели,hotels,3811,include,Premier Travel Inns
ozon,category,Отели,hotels,3812,include,Hyatt Place
ozon,category,Отели,hotels,3813,include,Hotel Indigo
ozon,category,Отели,hotels,3814,include,The Roosevelt Hotel NY
ozon,category,Отели,hotels,3815,include,Nickelodeon Family Suites by Holiday Inn
ozon,category,Отели,hotels,3816,include,Home2Suites
ozon,category,Отели,hotels,3817,include,Affinia
ozon,category,Отели,hotels,3818,include,Mainstay Suites
ozon,category,Отели,hotels,3819,include,Oxford Suites
ozon,category,Отели,hotels,3820,include,Jumeirah Essex House
ozon,category,Отели,hotels,3821,include,Caribe Royal
ozon,category,Отели,hotels,3822,include,Crossland
ozon,category,Отели,hotels,3823,include,Grand Sierra Resort
ozon,category,Отели,hotels,3824,include,Aria
ozon,category,Отели,hotels,3825,include,Vdara
ozon,category,Отели,hotels,3826,include,Autograph
ozon,category,Отели,hotels,3827,include,Galt House
ozon,category,Отели,hotels,3830,include,Park Plaza Hotel
ozon,category,Отели,hotels,3831,include,Waldorf
ozon,category,Отели,hotels,3832,include,Curio Hotels
ozon,category,Отели,hotels,3833,include,Canopy
ozon,category,Отели,hotels,3834,include,Baymont Inn & Suites
ozon,category,Отели,hotels,3835,include,Dolce Hotels and Resorts
ozon,category,Отели,hotels,3836,include,Hawthorn by Wyndham
ozon,category,Отели,hotels,3837,include,Hoshino Resorts
ozon,category,Отели,hotels,3838,include,Kimpton Hotels
ozon,category,Отели,hotels,4722,include,Туристические агентства и организаторы экскурсий
ozon,category,Отели,hotels,7011,include,Отели и мотели - нигде более не классифицированные
ozon,category,Отели,hotels,7032,include,Рекреационные и спортивные лагеря
ozon,category,Отели,hotels,7033,include,Кемпинги и трейлер-парки
ozon,category,Транспорт,transport,4111,include,"Пассажирские перевозки - пригородные и местные пригородные рейсы, включая паромы"
ozon,category,Транспорт,transport,4131,include,Автобусные линии
ozon,category,Транспорт,transport,4784,include,Платные дороги и мосты
ozon,category,Транспорт,transport,4789,include,Услуги пассажирских перевозок – нигде более не классифицированные
ozon,category,Транспорт,transport,7519,include,"Прокат домиков на колесах, аксессуары к наземному транспорту."
ozon,category,Транспорт,transport,7523,include,Паркинги и гаражи
ozon,category,Такси,taxi,4121,include,Лимузины и такси
ozon,category,Каршеринг,car_rental,7512,include,Агентства по прокату автомобилей - нигде более не классифицированные
ozon,category,Автоуслуги,auto,5013,include,Поставщики грузовиков и запчастей
ozon,category,Автоуслуги,auto,5511,include,"Легковой и грузовой транспорт – продажа, сервис, ремонт, запчасти и лизинг."
ozon,category,Автоуслуги,auto,5521,include,Продажа легковых и грузовых автомобилей (только подержанных)
ozon,category,Автоуслуги,auto,5531,include,Автомагазины и товары для дома
ozon,category,Автоуслуги,auto,5532,include,Автошины
ozon,category,Автоуслуги,auto,5533,include,Автозапчасти и аксессуары
ozon,category,Автоуслуги,auto,5571,include,Продажа мотоциклов
ozon,category,Автоуслуги,auto,5599,include,"Продажа различного рода автомобилей, авиа- и с/х оборудования - нигде более не классифицированные"
ozon,category,Автоуслуги,auto,7531,include,Кузовной ремонт автомобилей
ozon,category,Автоуслуги,auto,7534,include,Шиномонтаж и вулканизация
ozon,category,Автоуслуги,auto,7535,include,Покраска автомобилей
ozon,category,Автоуслуги,auto,7538,include,Автосервисы
ozon,category,Автоуслуги,auto,7542,include,Автомойки
ozon,category,Автоуслуги,auto,7549,include,Услуги буксировки и эвакуации
ozon,category,Автоуслуги,auto,8676,include,
ozon,category,Топливо и АЗС,fuel,5172,include,Нефть и нефтепродукты
ozon,category,Топливо и АЗС,fuel,5541,include,Заправочные станции (с вспомогательными услугами или без)
ozon,category,Топливо и АЗС,fuel,5542,include,Автоматические заправочные станции
ozon,category,Топливо и АЗС,fuel,5552,include,Зарядка электромобилей
ozon,category,Топливо и АЗС,fuel,5983,include,"Поставщики топлива – уголь, мазут, сжиженная нефть, древесина"
ozon,category,Аптеки,pharmacy,5122,include,"Лекарства, их распространители, аптеки"
ozon,category,Аптеки,pharmacy,5912,include,Аптеки
ozon,category,Салоны красоты и SPA,beauty,7230,include,Парикмахерские и салоны красоты
ozon,category,Салоны красоты и SPA,beauty,7297,include,Массажные салоны
ozon,category,Салоны красоты и SPA,beauty,7298,include,Салоны красоты и здоровья
ozon,category,Косметика,cosmetics,5311,include,Универмаги
ozon,category,Косметика,cosmetics,5977,include,Магазины косметики
ozon,category,"Дом, ремонт",home,0780,include,Услуги садоводства и ландшафтного дизайна
ozon,category,"Дом, ремонт",home,1520,include,Генеральные подрядчики – жилое и коммерческое строительство
ozon,category,"Дом, ремонт",home,1711,include,"Генеральные подрядчики по вентиляции, теплоснабжению и водопроводу"
ozon,category,"Дом, ремонт",home,1731,include,Подрядчики по электричеству
ozon,category,"Дом, ремонт",home,1740,include,"Изоляция, мозаика, штукатурные работы, каменная кладка, облицовка плиткой, кафелем"
ozon,category,"Дом, ремонт",home,1750,include,Столярные работы
ozon,category,"Дом, ремонт",home,1761,include,"Кровельные и сайдинговые работы, обработка листового металла"
ozon,category,"Дом, ремонт",home,1771,include,Подрядчики бетонных работ
ozon,category,"Дом, ремонт",home,5021,include,Офисная и торговая мебель
ozon,category,"Дом, ремонт",home,5039,include,Строительные материалы – нигде более не классифицированные
ozon,category,"Дом, ремонт",home,5046,include,Коммерческое оборудование – нигде более не классифицированное
ozon,category,"Дом, ремонт",home,5051,include,Центры и офисы работ по металлу
ozon,category,"Дом, ремонт",home,5065,include,Электрические части и оборудование
ozon,category,"Дом, ремонт",home,5072,include,Оборудование и сопутствующие материалы для технического обеспечения
ozon,category,"Дом, ремонт",home,5074,include,Оборудование для водопровода и отопительной системы
ozon,category,"Дом, ремонт",home,5085,include,Промышленное оборудование –нигде более не классифицированное
ozon,category,"Дом, ремонт",home,5198,include,Лакокрасочная продукция и сопровождающие товары
ozon,category,"Дом, ремонт",home,5200,include,Товары для дома
ozon,category,"Дом, ремонт",home,5211,include,Лесо- и строительный материал
ozon,category,"Дом, ремонт",home,5231,include,"Розничная продажа стекла, красок и обоев"
ozon,category,"Дом, ремонт",home,5251,include,Скобяные товары в розницу
ozon,category,"Дом, ремонт",home,5261,include,Садовые принадлежности (в том числе для ухода за газонами) в розницу
ozon,category,"Дом, ремонт",home,5712,include,"Оборудование, мебель и бытовые принадлежности (кроме электрооборудования)"
ozon,category,"Дом, ремонт",home,5713,include,Покрытия для пола
ozon,category,"Дом, ремонт",home,5714,include,"Ткани, обивочный материал, гардины и портьеры, жалюзи"
ozon,category,"Дом, ремонт",home,5718,include,"Продажа каминов, экранов для каминов и аксессуаров"
ozon,category,"Дом, ремонт",home,5719,include,Различные специализированные магазины бытовых принадлежностей
ozon,category,"Дом, ремонт",home,5950,include,Магазины хрусталя и изделий из стекла
ozon,category,"Дом, ремонт",home,7379,include,Ремонт компьютеров
ozon,category,"Дом, ремонт",home,7622,include,Ремонт электроники
ozon,category,"Дом, ремонт",home,7623,include,Ремонт кондиционеров и холодильников
ozon,category,"Дом, ремонт",home,7629,include,Ремонт электрооборудования и малой бытовой техники
ozon,category,"Дом, ремонт",home,7641,include,"Обивка, ремонт и отделка мебели"
ozon,category,"Дом, ремонт",home,7692,include,Ремонт с помощью сварки
ozon,category,"Дом, ремонт",home,7699,include,Ремонтные услуги – нигде более не классифицированные
ozon,category,Искусство,art,5932,include,"Антикварные магазины – продажа, ремонт и услуги реставрации"
ozon,category,Искусство,art,5937,include,Магазины репродукций и антиквариата
ozon,category,Искусство,art,5949,include,"Магазины ткани, ниток, рукоделия, шитья"
ozon,category,Искусство,art,5970,include,Магазины художественных и ремесляных изделий
ozon,category,Искусство,art,5971,include,Галереи и художественные посредники
ozon,category,Искусство,art,5972,include,Магазины монет и марок (филателические и нумизматические)
ozon,category,Искусство,art,5973,include,Магазины религиозных товаров
ozon,category,Развлечения,entertainment,5816,include,Цифровые товары – игры
ozon,category,Развлечения,entertainment,7829,include,Производство и распространение кинофильмов и видеокассет
ozon,category,Развлечения,entertainment,7832,include,Кинотеатры
ozon,category,Развлечения,entertainment,7841,include,Видеопрокат
ozon,category,Развлечения,entertainment,7911,include,"Танцевальные залы, школы и студии"
ozon,category,Развлечения,entertainment,7922,include,"Театральные продюсеры (кроме кинофильмов), билетные агентства"
ozon,category,Развлечения,entertainment,7929,include,"Музыкальные группы, оркестры и прочие развлекательные услуги"
ozon,category,Развлечения,entertainment,7932,include,Бильярд-клубы
ozon,category,Развлечения,entertainment,7933,include,Боулинг
ozon,category,Развлечения,entertainment,7992,include,Публичные поля для гольфа
ozon,category,Развлечения,entertainment,7993,include,Принадлежности для видеоигр
ozon,category,Развлечения,entertainment,7994,include,Клубы видеоигр
ozon,category,Развлечения,entertainment,7996,include,"Парки аттракционов, карнавалы, цирки, гадалки"
ozon,category,Развлечения,entertainment,7998,include,"Аквариумы, дельфинарии, зоопарки и морские парки"
ozon,category,Развлечения,entertainment,7999,include,Услуги отдыха - нигде более не классифицированные
ozon,category,Выставки и музеи,museums,7991,include,Туристические достопримечательности и выставки
ozon,category,Фитнес,fitness,7941,include,"Атлетические поля, коммерческие виды спорта, профессиональные спортивные клубы, промоутеры спорта"
ozon,category,Фитнес,fitness,7997,include,"Клубы – загородные клубы, членство (отдых, спорт), частные поля для гольфа"
ozon,category,Медицинские клиники,medical,4119,include,Услуги скорой помощи
ozon,category,Медицинские клиники,medical,5047,include,Стоматологическое / лабораторное / медицинское / офтальмологическое оборудование и материалы для больниц
ozon,category,Медицинские клиники,medical,5975,include,"Слуховые аппараты – продажа, сервис, снабжение"
ozon,category,Медицинские клиники,medical,5976,include,Ортопедические товары
ozon,category,Медицинские клиники,medical,8011,include,Врачи – нигде более не классифицированные
ozon,category,Медицинские клиники,medical,8021,include,"Стоматологи, ортодонты"
ozon,category,Медицинские клиники,medical,8031,include,Остеопаты
ozon,category,Медицинские клиники,medical,8041,include,Мануальные терапевты
ozon,category,Медицинские клиники,medical,8042,include,"Оптометристы, офтальмологи"
ozon,category,Медицинские клиники,medical,8043,include,"Оптика, оптические товары и очки"
ozon,category,Медицинские клиники,medical,8044,include,Оптические товары и очки (TSYS)
ozon,category,Медицинские клиники,medical,8049,include,Ортопеды
ozon,category,Медицинские клиники,medical,8050,include,Услуги персонального ухода
ozon,category,Медицинские клиники,medical,8062,include,Больницы
ozon,category,Медицинские клиники,medical,8071,include,Стоматологические и медицинские лаборатории
ozon,category,Медицинские клиники,medical,8099,include,"Медицинские работники, медицинские услуги – нигде более не классифицированные"
ozon,category,Музыкальные инструменты,music,5733,include,"Продажа музыкальных инструментов, фортепиано, нот."
ozon,category,Музыкальные инструменты,music,5735,include,Магазины звукозаписи
ozon,category,Супермаркеты,groceries,5411,include,"Бакалейные магазины, супермаркеты"
ozon,category,Супермаркеты,groceries,5412,include,Гибридные супермаркеты
ozon,category,Супермаркеты,groceries,5422,include,Продажа свежего и мороженого мяса
ozon,category,Супермаркеты,groceries,5441,include,Кондитерские
ozon,category,Супермаркеты,groceries,5451,include,Продажа молочных продуктов в розницу
ozon,category,Супермаркеты,groceries,5462,include,Булочные
ozon,category,Супермаркеты,groceries,5499,include,Различные продовольственные магазины - нигде более не классифицированные
ozon,category,Супермаркеты,groceries,5921,include,Магазины с продажей спиртных напитков навынос
ozon,category,Электроника и бытовая техника,electronics,5722,include,Бытовое оборудование
ozon,category,Электроника и бытовая техника,electronics,5732,include,Продажа электронного оборудования
ozon,category,Рестораны,restaurants,5811,include,Поставщики провизии
ozon,category,Рестораны,restaurants,5812,include,"Места общественного питания, рестораны"
ozon,category,Рестораны,restaurants,5813,include,"Бары, коктейль-бары, дискотеки, ночные клубы и таверны – места продажи алкогольных напитков"
ozon,category,Фастфуд,fastfood,5814,include,Фастфуд
ozon,category,Химчистки,household_services,7216,include,Химчистка
ozon,category,Фото/Видео,photo,5045,include,"Компьютеры, периферийное компьютерное оборудование, программное обеспечение"
ozon,category,Фото/Видео,photo,5544,include,
ozon,category,Фото/Видео,photo,7332,include,Услуги синьки и фотокопирования
ozon,category,Фото/Видео,photo,7333,include,"Коммерческое искусство, графика, фотография"
ozon,category,Фото/Видео,photo,7338,include,"Быстрое копирование, репродуцирование и услуги по созданию чертежей"
ozon,category,Фото/Видео,photo,7339,include,Услуги стенографии и секретарского дела
ozon,category,Фото/Видео,photo,7395,include,"Фотостудии, фотолаборатории"
ozon,category,Цветы,flowers,5193,include,"Принадлежности для флористов, питомник и цветы"
ozon,category,Цветы,flowers,5992,include,Флористика
ozon,category,Спорттовары,sports_goods,5655,include,"Спортивная одежда, одежда для верховой езды и езды на мотоцикле"
ozon,category,Спорттовары,sports_goods,5940,include,Веломагазины – продажа и обслуживание
ozon,category,Спорттовары,sports_goods,5941,include,Спорттовары
ozon,category,"Одежда, обувь",clothing,5137,include,"Мужская, женская и детская спецодежда"
ozon,category,"Одежда, обувь",clothing,5139,include,Спец-обувь
ozon,category,"Одежда, обувь",clothing,5611,include,"Мужская одежда и аксессуары, включая одежду для мальчиков"
ozon,category,"Одежда, обувь",clothing,5621,include,Готовая женская одежда
ozon,category,"Одежда, обувь",clothing,5631,include,Аксессуары для женщин
ozon,category,"Одежда, обувь",clothing,5651,include,Одежда для всей семьи
ozon,category,"Одежда, обувь",clothing,5661,include,Обувные магазины
ozon,category,"Одежда, обувь",clothing,5681,include,Изготовление и продажа меховых изделий
ozon,category,"Одежда, обувь",clothing,5691,include,Магазины мужской и женской одежды
ozon,category,"Одежда, обувь",clothing,5599,include,"Продажа различного рода автомобилей, авиа- и с/х оборудования - нигде более не классифицированные"
ozon,category,"Одежда, обувь",clothing,5931,include,"Секонд-хенды, магазины б/у товаров, комиссионки"
ozon,category,Книги,books,2741,include,Различные издательства/ печатное дело
ozon,category,Книги,books,5111,include,"Канцелярия, офисные сопутствующие товары, бумага для печатания и письма"
ozon,category,Книги,books,5192,include,"Книги, периодические издания и газеты"
ozon,category,Книги,books,5942,include,Книжные магазины
ozon,category,Книги,books,5994,include,Дилеры по продаже печатной продукции
ozon,category,Товары для детей,kids,5641,include,"Детская одежда, включая одежду для самых маленьких"
ozon,category,Товары для детей,kids,5945,include,"Игрушки, игры и хобби-товары"
ozon,category,Ювелирные изделия,jewelry,5094,include,"Драгоценные камни и металлы, часы и ювелирные изделия"
ozon,category,Ювелирные изделия,jewelry,5944,include,"Часы, ювелирные и серебряные изделия"
ozon,category,Вет клиники и зоомагазины,pets,0742,include,Ветеринарные услуги
ozon,category,Вет клиники и зоомагазины,pets,5995,include,Зоомагазины
ozon,exclusion:always,"MCC-коды, по которым нельзя получить кешбэк",,0763,exclude,Сельскохозяйственные кооперативы
ozon,exclusion:always,"MCC-коды, по которым нельзя получить кешбэк",,1799,exclude,Контрактные услуги – нигде более не классифицированные
ozon,exclusion:always,"MCC-коды, по которым нельзя получить кешбэк",,2791,exclude,"Набор текстов, изготовление печатных форм и связанные услуги"
ozon,exclusion:always,"MCC-коды, по которым нельзя получить кешбэк",,2842,exclude,"Санитарная обработка, полировка и специализированная подготовка"
ozon,exclusion:always,"MCC-коды, по которым нельзя получить кешбэк",,4215,exclude,"Услуги курьера – по воздуху и на земле, агентство по отправке грузов"
ozon,exclusion:always,"MCC-коды, по которым нельзя получить кешбэк",,4225,exclude,"Складское хранение общественного пользования –сельскохозяйственных продуктов, охлаждаемые продукты, хранение предметов домашнего обихода"
ozon,exclusion:always,"MCC-коды, по которым нельзя получить кешбэк",,4812,exclude,"Телекоммуникационное оборудование, включая продажу телефонов"
ozon,exclusion:always,"MCC-коды, по которым нельзя получить кешбэк",,4813,exclude,"Торговые точки телеком клавишного ввода, предлагающие единичные локальные и дальние телефонные звонки, используя центральный номер доступа без разговора с оператором и используя код доступа"
ozon,exclusion:always,"MCC-коды, по которым нельзя получить кешбэк",,4814,exclude,Телекоммуникационные услуги
ozon,exclusion:always,"MCC-коды, по которым нельзя получить кешбэк",,4815,exclude,МастерФон телефонные услуги – Ежемесячное составление телефонных счетов
ozon,exclusion:always,"MCC-коды, по которым нельзя получить кешбэк",,4816,exclude,"Компьютерные сети, информационные услуги"
ozon,exclusion:always,"MCC-коды, по которым нельзя получить кешбэк",,4821,exclude,Услуги телеграфа
ozon,exclusion:always,"MCC-коды, по которым нельзя получить кешбэк",,4829,exclude,Денежные переводы
ozon,exclusion:always,"MCC-коды, по которым нельзя получить кешбэк",,4899,exclude,Кабельные и другие платные телевизионные услуги
ozon,exclusion:always,"MCC-коды, по которым нельзя получить кешбэк",,4900,exclude,Жилищно-коммунальные услуги
ozon,exclusion:always,"MCC-коды, по которым нельзя получить кешбэк",,5169,exclude,Химикалии и смежные вещества - нигде более не классифицированные
ozon,exclusion:always,"MCC-коды, по которым нельзя получить кешбэк",,5199,exclude,Товары недлительного пользования - нигде более не классифицированные
ozon,exclusion:always,"MCC-коды, по которым нельзя получить кешбэк",,5271,exclude,Продажа жилых фургонов
ozon,exclusion:always,"MCC-коды, по которым нельзя получить кешбэк",,5416,exclude,
ozon,exclusion:always,"MCC-коды, по которым нельзя получить кешбэк",,5417,exclude,
ozon,exclusion:always,"MCC-коды, по которым нельзя получить кешбэк",,5933,exclude,Ломбарды
ozon,exclusion:always,"MCC-коды, по которым нельзя получить кешбэк",,5935,exclude,Уничтожение и сбор остатков
ozon,exclusion:always,"MCC-коды, по которым нельзя получить кешбэк",,5960,exclude,Прямой маркетинг – страховые услуги
ozon,exclusion:always,"MCC-коды, по которым нельзя получить кешбэк",,5962,exclude,"Прямой маркетинг – услуги, относящиеся к туризму"
ozon,exclusion:always,"MCC-коды, по которым нельзя получить кешбэк",,6009,exclude,МФО
ozon,exclusion:always,"MCC-коды, по которым нельзя получить кешбэк",,6010,exclude,Финансовые учреждения – выдача наличных в кассе
ozon,exclusion:always,"MCC-коды, по которым нельзя получить кешбэк",,6011,exclude,Финансовые учреждения – снятие наличных автоматически
ozon,exclusion:always,"MCC-коды, по которым нельзя получить кешбэк",,6012,exclude,Финансовые учреждения – торговля и услуги
ozon,exclusion:always,"MCC-коды, по которым нельзя получить кешбэк",,6022,exclude,Financial Institution (RCL Internal)
ozon,exclusion:always,"MCC-коды, по которым нельзя получить кешбэк",,6023,exclude,State Banks (RCL Internal)
ozon,exclusion:always,"MCC-коды, по которым нельзя получить кешбэк",,6025,exclude,National Banks (RCL Internal)
ozon,exclusion:always,"MCC-коды, по которым нельзя получить кешбэк",,6026,exclude,National Banks Non Federal (RCL Internal)
ozon,exclusion:always,"MCC-коды, по которым нельзя получить кешбэк",,6028,exclude,Unincorporated Private Banks (RCL Internal)
ozon,exclusion:always,"MCC-коды, по которым нельзя получить кешбэк",,6050,exclude,Квази-Кэш – Финансовые учреждения
ozon,exclusion:always,"MCC-коды, по которым нельзя получить кешбэк",,6051,exclude,Квази-Кэш – Нефинансовые учреждения
ozon,exclusion:always,"MCC-коды, по которым нельзя получить кешбэк",,6211,exclude,Услуги брокеров на рынке ценных бумаг
ozon,exclusion:always,"MCC-коды, по которым нельзя получить кешбэк",,6300,exclude,Услуги страховых компаний
ozon,exclusion:always,"MCC-коды, по которым нельзя получить кешбэк",,6381,exclude,Страховые премии
ozon,exclusion:always,"MCC-коды, по которым нельзя получить кешбэк",,6399,exclude,Страхование – нигде более не классифицированные
ozon,exclusion:always,"MCC-коды, по которым нельзя получить кешбэк",,6513,exclude,Агенты недвижимости и менеджеры - Аренда
ozon,exclusion:always,"MCC-коды, по которым нельзя получить кешбэк",,6529,exclude,Удалённое пополнение предоплаченной карты - Финансовые организации
ozon,exclusion:always,"MCC-коды, по которым нельзя получить кешбэк",,6530,exclude,Удалённое пополнение предоплаченной карты - Торговая точка
ozon,exclusion:always,"MCC-коды, по которым нельзя получить кешбэк",,6531,exclude,Оплата услуг – денежные переводы
ozon,exclusion:always,"MCC-коды, по которым нельзя получить кешбэк",,6532,exclude,Платежная операция - финансовое учреждение
ozon,exclusion:always,"MCC-коды, по которым нельзя получить кешбэк",,6533,exclude,Платежная операция - продавец
ozon,exclusion:always,"MCC-коды, по которым нельзя получить кешбэк",,6534,exclude,Денежный перевод - финансовое учреждение
ozon,exclusion:always,"MCC-коды, по которым нельзя получить кешбэк",,6535,exclude,Права требования на ценности — Финансовые организации
ozon,exclusion:always,"MCC-коды, по которым нельзя получить кешбэк",,6536,exclude,Денежные переводы с карты на карту – зачисление (внутри страны)
ozon,exclusion:always,"MCC-коды, по которым нельзя получить кешбэк",,6537,exclude,Денежные переводы с карты на карту – зачисление (между странами)
ozon,exclusion:always,"MCC-коды, по которым нельзя получить кешбэк",,6538,exclude,Денежные переводы с карты на карту – списание
ozon,exclusion:always,"MCC-коды, по которым нельзя получить кешбэк",,6539,exclude,Транзакция по финансированию (исключая MoneySend)
ozon,exclusion:always,"MCC-коды, по которым нельзя получить кешбэк",,6540,exclude,"Пополнение небанковских предоплаченных карт, счетов"
ozon,exclusion:always,"MCC-коды, по которым нельзя получить кешбэк",,6555,exclude,Возврат/вознаграждение от Mastercard
ozon,exclusion:always,"MCC-коды, по которым нельзя получить кешбэк",,6611,exclude,Переплата (авансовые платежи)
ozon,exclusion:always,"MCC-коды, по которым нельзя получить кешбэк",,6760,exclude,Облигации сберегательного займа
ozon,exclusion:always,"MCC-коды, по которым нельзя получить кешбэк",,7012,exclude,Тайм-шер
ozon,exclusion:always,"MCC-коды, по которым нельзя получить кешбэк",,7273,exclude,Знакомства
ozon,exclusion:always,"MCC-коды, по которым нельзя получить кешбэк",,7276,exclude,Служба налоговой подготовки
ozon,exclusion:always,"MCC-коды, по которым нельзя получить кешбэк",,7277,exclude,"Долги, брак, личные вопросы - консультирование"
ozon,exclusion:always,"MCC-коды, по которым нельзя получить кешбэк",,7280,exclude,Пациент больницы – вывод личных средств
ozon,exclusion:always,"MCC-коды, по которым нельзя получить кешбэк",,7299,exclude,Различные услуги - нигде более не классифицированные
ozon,exclusion:always,"MCC-коды, по которым нельзя получить кешбэк",,7311,exclude,Рекламные услуги
ozon,exclusion:always,"MCC-коды, по которым нельзя получить кешбэк",,7321,exclude,Кредитные бюро
ozon,exclusion:always,"MCC-коды, по которым нельзя получить кешбэк",,7322,exclude,Агентства взыскания долгов
ozon,exclusion:always,"MCC-коды, по которым нельзя получить кешбэк",,7372,exclude,"Программирование, обработка данных, проектирование интегрированных систем"
ozon,exclusion:always,"MCC-коды, по которым нельзя получить кешбэк",,7375,exclude,Информационно-поисковые услуги
ozon,exclusion:always,"MCC-коды, по которым нельзя получить кешбэк",,7389,exclude,Бизнес услуги – нигде более не классифицированные
ozon,exclusion:always,"MCC-коды, по которым нельзя получить кешбэк",,7392,exclude,"Услуги по консультированию, управлению и связям с общественностью"
ozon,exclusion:always,"MCC-коды, по которым нельзя получить кешбэк",,7393,exclude,"Детективные агентства, охранные агентства, службы безопасности, включая бронированные автомобили, сторожевых собак"
ozon,exclusion:always,"MCC-коды, по которым нельзя получить кешбэк",,7399,exclude,Бизнес услуги – нигде более не классифицированные
ozon,exclusion:always,"MCC-коды, по которым нельзя получить кешбэк",,7511,exclude,Стоянка грузового транспорта
ozon,exclusion:always,"MCC-коды, по которым нельзя получить кешбэк",,7800,exclude,Государственные лотереи (только США)
ozon,exclusion:always,"MCC-коды, по которым нельзя получить кешбэк",,7801,exclude,Азартные игры в интернете (только США)
ozon,exclusion:always,"MCC-коды, по которым нельзя получить кешбэк",,7802,exclude,Лошадиные / собачьи бега (только США)
ozon,exclusion:always,"MCC-коды, по которым нельзя получить кешбэк",,7995,exclude,Азартные игры
ozon,exclusion:always,"MCC-коды, по которым нельзя получить кешбэк",,8111,exclude,"Адвокаты, юридические услуги"
ozon,exclusion:always,"MCC-коды, по которым нельзя получить кешбэк",,8398,exclude,Благотворительные организации и социальные службы - сбор средств
ozon,exclusion:always,"MCC-коды, по которым нельзя получить кешбэк",,8641,exclude,"Гражданские, социальные и братские ассоциации"
ozon,exclusion:always,"MCC-коды, по которым нельзя получить кешбэк",,8651,exclude,Политические организации
ozon,exclusion:always,"MCC-коды, по которым нельзя получить кешбэк",,8661,exclude,Религиозные организации
ozon,exclusion:always,"MCC-коды, по которым нельзя получить кешбэк",,8675,exclude,Автомобильные ассоциации
ozon,exclusion:always,"MCC-коды, по которым нельзя получить кешбэк",,8699,exclude,Членские организации – нигде более не классифицированные
ozon,exclusion:always,"MCC-коды, по которым нельзя получить кешбэк",,8734,exclude,Испытательные лаборатории (немедицинские)
ozon,exclusion:always,"MCC-коды, по которым нельзя получить кешбэк",,8911,exclude,"Архитектурные, инженерные и геодезические услуги"
ozon,exclusion:always,"MCC-коды, по которым нельзя получить кешбэк",,8931,exclude,Аудит и бухгалтерский учет
ozon,exclusion:always,"MCC-коды, по которым нельзя получить кешбэк",,8999,exclude,Профессиональные услуги - нигде более не классифицированные
ozon,exclusion:always,"MCC-коды, по которым нельзя получить кешбэк",,9211,exclude,"Судебные выплаты, включая алименты и детскую поддержку"
ozon,exclusion:always,"MCC-коды, по которым нельзя получить кешбэк",,9222,exclude,Штрафы
ozon,exclusion:always,"MCC-коды, по которым нельзя получить кешбэк",,9223,exclude,Платежи по залогам и облигациям
ozon,exclusion:always,"MCC-коды, по которым нельзя получить кешбэк",,9311,exclude,Налоговые платежи
ozon,exclusion:always,"MCC-коды, по которым нельзя получить кешбэк",,9312,exclude,
ozon,exclusion:always,"MCC-коды, по которым нельзя получить кешбэк",,9313,exclude,
ozon,exclusion:always,"MCC-коды, по которым нельзя получить кешбэк",,9314,exclude,
ozon,exclusion:always,"MCC-коды, по которым нельзя получить кешбэк",,9390,exclude,Госуслуги
ozon,exclusion:always,"MCC-коды, по которым нельзя получить кешбэк",,9399,exclude,Государственные услуги - нигде более не классифицированные
ozon,exclusion:always,"MCC-коды, по которым нельзя получить кешбэк",,9400,exclude,Перевод на специальный счёт оператора финансовой платформы
ozon,exclusion:always,"MCC-коды, по которым нельзя получить кешбэк",,9401,exclude,I-Purchasing Pilot
ozon,exclusion:always,"MCC-коды, по которым нельзя получить кешбэк",,9402,exclude,Почтовые услуги – только государственные
ozon,exclusion:always,"MCC-коды, по которым нельзя получить кешбэк",,9405,exclude,Внутригосударственные закупки - только государственные
ozon,exclusion:always,"MCC-коды, по которым нельзя получить кешбэк",,9406,exclude,Государственные лотереи (кроме США)
ozon,exclusion:always,"MCC-коды, по которым нельзя получить кешбэк",,9411,exclude,Платежи по государственному займу
ozon,exclusion:always,"MCC-коды, по которым нельзя получить кешбэк",,9700,exclude,Automated Referral Service (только VISA)
ozon,exclusion:always,"MCC-коды, по которым нельзя получить кешбэк",,9701,exclude,Служба проверки учетных данных Visa (только VISA)
ozon,exclusion:always,"MCC-коды, по которым нельзя получить кешбэк",,9702,exclude,Аварийные службы GCAS (только VISA)
ozon,exclusion:always,"MCC-коды, по которым нельзя получить кешбэк",,9751,exclude,Супермаркеты (Великобритания)
ozon,exclusion:always,"MCC-коды, по которым нельзя получить кешбэк",,9752,exclude,Автозаправочные станции (Великобритания)
ozon,exclusion:always,"MCC-коды, по которым нельзя получить кешбэк",,9950,exclude,Покупки внутри компании
alfa,category,Авто,auto,4784,include,Платные дороги и мосты
alfa,category,Авто,auto,5013,include,Поставщики грузовиков и запчастей
alfa,category,Авто,auto,5271,include,Продажа жилых фургонов
alfa,category,Авто,auto,5531,include,Автомагазины и товары для дома
alfa,category,Авто,auto,5532,include,Автошины
alfa,category,Авто,auto,5533,include,Автозапчасти и аксессуары
alfa,category,Авто,auto,5571,include,Продажа мотоциклов
alfa,category,Авто,auto,7511,include,Стоянка грузового транспорта
alfa,category,Авто,auto,7523,include,Паркинги и гаражи
alfa,category,Авто,auto,7531,include,Кузовной ремонт автомобилей
alfa,category,Авто,auto,7534,include,Шиномонтаж и вулканизация
alfa,category,Авто,auto,7535,include,Покраска автомобилей
alfa,category,Авто,auto,7538,include,Автосервисы
alfa,category,Авто,auto,7542,include,Автомойки
alfa,category,Авто,auto,7549,include,Услуги буксировки и эвакуации
alfa,category,Автозапчасти,auto_parts,5013,include,Поставщики грузовиков и запчастей
alfa,category,Автозапчасти,auto_parts,5271,include,Продажа жилых фургонов
alfa,category,Автозапчасти,auto_parts,5531,include,Автомагазины и товары для дома
alfa,category,Автозапчасти,auto_parts,5532,include,Автошины
alfa,category,Автозапчасти,auto_parts,5533,include,Автозапчасти и аксессуары
alfa,category,Автоуслуги,auto_services,7531,include,Кузовной ремонт автомобилей
alfa,category,Автоуслуги,auto_services,7534,include,Шиномонтаж и вулканизация
alfa,category,Автоуслуги,auto_services,7535,include,Покраска автомобилей
alfa,category,Автоуслуги,auto_services,7538,include,Автосервисы
alfa,category,Автоуслуги,auto_services,7549,include,Услуги буксировки и эвакуации
alfa,category,Автоуслуги,auto_services,4784,include,Платные дороги и мосты
alfa,category,Автоуслуги,auto_services,7511,include,Стоянка грузового транспорта
alfa,category,Автоуслуги,auto_services,7523,include,Паркинги и гаражи
alfa,category,Автоуслуги,auto_services,7542,include,Автомойки
alfa,category,Автоуслуги,auto_services,5571,include,Продажа мотоциклов
alfa,category,АЗС,fuel,5172,include,Нефть и нефтепродукты
alfa,category,АЗС,fuel,5541,include,Заправочные станции (с вспомогательными услугами или без)
alfa,category,АЗС,fuel,5542,include,Автоматические заправочные станции
alfa,category,АЗС,fuel,5552,include,Зарядка электромобилей
alfa,category,АЗС,fuel,5983,include,"Поставщики топлива – уголь, мазут, сжиженная нефть, древесина"
alfa,category,АЗС,fuel,9752,include,Автозаправочные станции (Великобритания)
alfa,category,Активный отдых,active_leisure,7032,include,Рекреационные и спортивные лагеря
alfa,category,Активный отдых,active_leisure,7932,include,Бильярд-клубы
alfa,category,Активный отдых,active_leisure,7933,include,Боулинг
alfa,category,Активный отдых,active_leisure,7996,include,"Парки аттракционов, карнавалы, цирки, гадалки"
alfa,category,Активный отдых,active_leisure,7998,include,"Аквариумы, дельфинарии, зоопарки и морские парки"
alfa,category,Активный отдых,active_leisure,7999,include,Услуги отдыха - нигде более не классифицированные
alfa,category,Активный отдых,active_leisure,7941,include,"Атлетические поля, коммерческие виды спорта, профессиональные спортивные клубы, промоутеры спорта"
alfa,category,Активный отдых,active_leisure,7992,include,Публичные поля для гольфа
alfa,category,Активный отдых,active_leisure,7997,include,"Клубы – загородные клубы, членство (отдых, спорт), частные поля для гольфа"
alfa,category,Алкоголь,alcohol,5921,include,Магазины с продажей спиртных напитков навынос
alfa,category,Аптеки,pharmacy,5122,include,"Лекарства, их распространители, аптеки"
alfa,category,Аптеки,pharmacy,5912,include,Аптеки
alfa,category,Аптеки,pharmacy,5975,include,"Слуховые аппараты – продажа, сервис, снабжение"
alfa,category,Аптеки,pharmacy,5976,include,Ортопедические товары
alfa,category,Аптеки,pharmacy,8044,include,Оптические товары и очки (TSYS)
alfa,category,Аренда авто,car_rental,3351,include, Affiliated Auto Rental
alfa,category,Аренда авто,car_rental,3352,include, American Intl Rent-a-car
alfa,category,Аренда авто,car_rental,3353,include, Brooks Rent-a-car
alfa,category,Аренда авто,car_rental,3354,include, Action Auto Rental
alfa,category,Аренда авто,car_rental,3355,include,Агентства по аренде автомобилей
alfa,category,Аренда авто,car_rental,3356,include,Агентства по аренде автомобилей
alfa,category,Аренда авто,car_rental,3357,include, Hertz Rent-a-car
alfa,category,Аренда авто,car_rental,3358,include,Агентства по аренде автомобилей
alfa,category,Аренда авто,car_rental,3359,include, Payless Car Rental
alfa,category,Аренда авто,car_rental,3360,include, Snappy Car Rental
alfa,category,Аренда авто,car_rental,3361,include, Airways Rent-a-car
alfa,category,Аренда авто,car_rental,3362,include, Altra Auto Rental
alfa,category,Аренда авто,car_rental,3363,include,Агентства по аренде автомобилей
alfa,category,Аренда авто,car_rental,3364,include, Agency Rent-a-car
alfa,category,Аренда авто,car_rental,3365,include,Агентства по аренде автомобилей
alfa,category,Аренда авто,car_rental,3366,include, Budget Rent-a-car
alfa,category,Аренда авто,car_rental,3367,include,Агентства по аренде автомобилей
alfa,category,Аренда авто,car_rental,3368,include, Holiday Rent-a-wreck
alfa,category,Аренда авто,car_rental,3369,include,Агентства по аренде автомобилей
alfa,category,Аренда авто,car_rental,3370,include, Rent-a-wreck
alfa,category,Аренда авто,car_rental,3371,include,Агентства по аренде автомобилей
alfa,category,Аренда авто,car_rental,3372,include,Агентства по аренде автомобилей
alfa,category,Аренда авто,car_rental,3373,include,Агентства по аренде автомобилей
alfa,category,Аренда авто,car_rental,3374,include,Агентства по аренде автомобилей
alfa,category,Аренда авто,car_rental,3375,include,Агентства по аренде автомобилей
alfa,category,Аренда авто,car_rental,3376,include, Ajax Rent-a-car
alfa,category,Аренда авто,car_rental,3377,include,Агентства по аренде автомобилей
alfa,category,Аренда авто,car_rental,3378,include,Агентства по аренде автомобилей
alfa,category,Аренда авто,car_rental,3379,include,Агентства по аренде автомобилей
alfa,category,Аренда авто,car_rental,3380,include,Агентства по аренде автомобилей
alfa,category,Аренда авто,car_rental,3381,include, Europ Car
alfa,category,Аренда авто,car_rental,3382,include,Агентства по аренде автомобилей
alfa,category,Аренда авто,car_rental,3383,include,Агентства по аренде автомобилей
alfa,category,Аренда авто,car_rental,3384,include,Агентства по аренде автомобилей
alfa,category,Аренда авто,car_rental,3385,include, Tropical Rent-a-car
alfa,category,Аренда авто,car_rental,3386,include, Showcase Rental Cars
alfa,category,Аренда авто,car_rental,3387,include, Alamo Rent-a-car
alfa,category,Аренда авто,car_rental,3388,include,Агентства по аренде автомобилей
alfa,category,Аренда авто,car_rental,3389,include, Avis Rent-a-car
alfa,category,Аренда авто,car_rental,3390,include, Dollar Rent-a-car
alfa,category,Аренда авто,car_rental,3391,include, Europe By Car
alfa,category,Аренда авто,car_rental,3392,include,Агентства по аренде автомобилей
alfa,category,Аренда авто,car_rental,3393,include, National Car Rental
alfa,category,Аренда авто,car_rental,3394,include, Kemwell Group Rent-a-car
alfa,category,Аренда авто,car_rental,3395,include, Thrifty Rent-a-car
alfa,category,Аренда авто,car_rental,3396,include, Tilden Tent-a-car
alfa,category,Аренда авто,car_rental,3397,include,Агентства по аренде автомобилей
alfa,category,Аренда авто,car_rental,3398,include, Econo-car Rent-a-car
alfa,category,Аренда авто,car_rental,3400,include, Auto Host Cost Car Rentals
alfa,category,Аренда авто,car_rental,3401,include,Агентства по аренде автомобилей
alfa,category,Аренда авто,car_rental,3402,include,Агентства по аренде автомобилей
alfa,category,Аренда авто,car_rental,3403,include,Агентства по аренде автомобилей
alfa,category,Аренда авто,car_rental,3404,include,Агентства по аренде автомобилей
alfa,category,Аренда авто,car_rental,3405,include, Enterprise Rent-a-car
alfa,category,Аренда авто,car_rental,3406,include,Агентства по аренде автомобилей
alfa,category,Аренда авто,car_rental,3407,include,Агентства по аренде автомобилей
alfa,category,Аренда авто,car_rental,3408,include,Агентства по аренде автомобилей
alfa,category,Аренда авто,car_rental,3409,include, General Rent-a-car
alfa,category,Аренда авто,car_rental,3410,include,Агентства по аренде автомобилей
alfa,category,Аренда авто,car_rental,3412,include, A-1 Rent-a-car
alfa,category,Аренда авто,car_rental,3413,include,Агентства по аренде автомобилей
alfa,category,Аренда авто,car_rental,3414,include, Godfrey Natl Rent-a-car
alfa,category,Аренда авто,car_rental,3415,include,Агентства по аренде автомобилей
alfa,category,Аренда авто,car_rental,3416,include,Агентства по аренде автомобилей
alfa,category,Аренда авто,car_rental,3417,include,Агентства по аренде автомобилей
alfa,category,Аренда авто,car_rental,3418,include,Агентства по аренде автомобилей
alfa,category,Аренда авто,car_rental,3419,include, Alpha Rent-a-car
alfa,category,Аренда авто,car_rental,3420,include, Ansa Intl Rent-a-car
alfa,category,Аренда авто,car_rental,3421,include, Allstae Rent-a-car
alfa,category,Аренда авто,car_rental,3422,include,Агентства по аренде автомобилей
alfa,category,Аренда авто,car_rental,3423,include, Avcar Rent-a-car
alfa,category,Аренда авто,car_rental,3425,include, Automate Rent-a-car
alfa,category,Аренда авто,car_rental,3426,include,Агентства по аренде автомобилей
alfa,category,Аренда авто,car_rental,3427,include, Avon Rent-a-car
alfa,category,Аренда авто,car_rental,3428,include, Carey Rent-a-car
alfa,category,Аренда авто,car_rental,3429,include, Insurance Rent-a-car
alfa,category,Аренда авто,car_rental,3430,include, Major Rent-a-car
alfa,category,Аренда авто,car_rental,3431,include, Replacement Rent-a-car
alfa,category,Аренда авто,car_rental,3432,include, Reserve Rent-a-car
alfa,category,Аренда авто,car_rental,3433,include, Ugly Duckling Rent-a-car
alfa,category,Аренда авто,car_rental,3434,include, USA Rent-a-car
alfa,category,Аренда авто,car_rental,3435,include, Value Rent-a-car
alfa,category,Аренда авто,car_rental,3436,include, Autohansa Rent-a-car
alfa,category,Аренда авто,car_rental,3437,include, Cite Rent-a-car
alfa,category,Аренда авто,car_rental,3438,include, Interent Rent-a-car
alfa,category,Аренда авто,car_rental,3439,include, Milleville Rent-a-car
alfa,category,Аренда авто,car_rental,3441,include,Агентства по аренде автомобилей
alfa,category,Аренда авто,car_rental,7512,include,Агентства по прокату автомобилей - нигде более не классифицированные
alfa,category,Аренда авто,car_rental,7513,include,Прокат аксессуаров для трэйлеров и грузовиков.
alfa,category,Аренда авто,car_rental,7519,include,"Прокат домиков на колесах, аксессуары к наземному транспорту."
alfa,category,Детские товары,kids,5641,include,"Детская одежда, включая одежду для самых маленьких"
alfa,category,Детские товары,kids,5945,include,"Игрушки, игры и хобби-товары"
alfa,category,Дом и ремонт,home,0780,include,Услуги садоводства и ландшафтного дизайна
alfa,category,Дом и ремонт,home,1520,include,Генеральные подрядчики – жилое и коммерческое строительство
alfa,category,Дом и ремонт,home,1711,include,"Генеральные подрядчики по вентиляции, теплоснабжению и водопроводу"
alfa,category,Дом и ремонт,home,1731,include,Подрядчики по электричеству
alfa,category,Дом и ремонт,home,1740,include,"Изоляция, мозаика, штукатурные работы, каменная кладка, облицовка плиткой, кафелем"
alfa,category,Дом и ремонт,home,1750,include,Столярные работы
alfa,category,Дом и ремонт,home,1761,include,"Кровельные и сайдинговые работы, обработка листового металла"
alfa,category,Дом и ремонт,home,1771,include,Подрядчики бетонных работ
alfa,category,Дом и ремонт,home,2842,include,"Санитарная обработка, полировка и специализированная подготовка"
alfa,category,Дом и ремонт,home,5021,include,Офисная и торговая мебель
alfa,category,Дом и ремонт,home,5039,include,Строительные материалы – нигде более не классифицированные
alfa,category,Дом и ремонт,home,5051,include,Центры и офисы работ по металлу
alfa,category,Дом и ремонт,home,5072,include,Оборудование и сопутствующие материалы для технического обеспечения
alfa,category,Дом и ремонт,home,5074,include,Оборудование для водопровода и отопительной системы
alfa,category,Дом и ремонт,home,5198,include,Лакокрасочная продукция и сопровождающие товары
alfa,category,Дом и ремонт,home,5200,include,Товары для дома
alfa,category,Дом и ремонт,home,5211,include,Лесо- и строительный материал
alfa,category,Дом и ремонт,home,5231,include,"Розничная продажа стекла, красок и обоев"
alfa,category,Дом и ремонт,home,5251,include,Скобяные товары в розницу
alfa,category,Дом и ремонт,home,5261,include,Садовые принадлежности (в том числе для ухода за газонами) в розницу
alfa,category,Дом и ремонт,home,5712,include,"Оборудование, мебель и бытовые принадлежности (кроме электрооборудования)"
alfa,category,Дом и ремонт,home,5713,include,Покрытия для пола
alfa,category,Дом и ремонт,home,5714,include,"Ткани, обивочный материал, гардины и портьеры, жалюзи"
alfa,category,Дом и ремонт,home,5718,include,"Продажа каминов, экранов для каминов и аксессуаров"
alfa,category,Дом и ремонт,home,5719,include,Различные специализированные магазины бытовых принадлежностей
alfa,category,Дом и ремонт,home,5950,include,Магазины хрусталя и изделий из стекла
alfa,category,Дом и ремонт,home,5996,include,Плавательные бассейны – продажа и снабжение
alfa,category,Дом и ремонт,home,7217,include,Чистка ковров и обивки мебели
alfa,category,Дом и ремонт,home,7641,include,"Обивка, ремонт и отделка мебели"
alfa,category,Дом и ремонт,home,7692,include,Ремонт с помощью сварки
alfa,category,Дом и ремонт,home,7699,include,Ремонтные услуги – нигде более не классифицированные
alfa,category,Животные,pets,0742,include,Ветеринарные услуги
alfa,category,Животные,pets,5995,include,Зоомагазины
alfa,category,Здоровье,health,4119,include,Услуги скорой помощи
alfa,category,Здоровье,health,5122,include,"Лекарства, их распространители, аптеки"
alfa,category,Здоровье,health,5912,include,Аптеки
alfa,category,Здоровье,health,5975,include,"Слуховые аппараты – продажа, сервис, снабжение"
alfa,category,Здоровье,health,5976,include,Ортопедические товары
alfa,category,Здоровье,health,8011,include,Врачи – нигде более не классифицированные
alfa,category,Здоровье,health,8021,include,"Стоматологи, ортодонты"
alfa,category,Здоровье,health,8031,include,Остеопаты
alfa,category,Здоровье,health,8041,include,Мануальные терапевты
alfa,category,Здоровье,health,8042,include,"Оптометристы, офтальмологи"
alfa,category,Здоровье,health,8043,include,"Оптика, оптические товары и очки"
alfa,category,Здоровье,health,8044,include,Оптические товары и очки (TSYS)
alfa,category,Здоровье,health,8049,include,Ортопеды
alfa,category,Здоровье,health,8050,include,Услуги персонального ухода
alfa,category,Здоровье,health,8062,include,Больницы
alfa,category,Здоровье,health,8071,include,Стоматологические и медицинские лаборатории
alfa,category,Здоровье,health,8099,include,"Медицинские работники, медицинские услуги – нигде более не классифицированные"
alfa,category,Кафе и рестораны,restaurants,5811,include,Поставщики провизии
alfa,category,Кафе и рестораны,restaurants,5812,include,"Места общественного питания, рестораны"
alfa,category,Кафе и рестораны,restaurants,5813,include,"Бары, коктейль-бары, дискотеки, ночные клубы и таверны – места продажи алкогольных напитков"
alfa,category,Книги,books,2741,include,Различные издательства/ печатное дело
alfa,category,Книги,books,5111,include,"Канцелярия, офисные сопутствующие товары, бумага для печатания и письма"
alfa,category,Книги,books,5192,include,"Книги, периодические издания и газеты"
alfa,category,Книги,books,5942,include,Книжные магазины
alfa,category,Книги,books,5943,include,"Магазины офисных, школьных принадлежностей, канцтоваров"
alfa,category,Книги,books,5994,include,Дилеры по продаже печатной продукции
alfa,category,Красота,beauty,5977,include,Магазины косметики
alfa,category,Красота,beauty,7230,include,Парикмахерские и салоны красоты
alfa,category,Красота,beauty,7297,include,Массажные салоны
alfa,category,Красота,beauty,7298,include,Салоны красоты и здоровья
alfa,category,Маркетплейсы,marketplaces,5262,include,Маркетплейсы
alfa,category,Маркетплейсы,marketplaces,5300,include,Оптовики
alfa,category,Маркетплейсы,marketplaces,5399,include,Различные товары общего назначения
alfa,category,Маркетплейсы,marketplaces,5964,include,Прямой маркетинг – торговля по каталогам
alfa,category,Медицинские услуги,medical,4119,include,Услуги скорой помощи
alfa,category,Медицинские услуги,medical,8011,include,Врачи – нигде более не классифицированные
alfa,category,Медицинские услуги,medical,8031,include,Остеопаты
alfa,category,Медицинские услуги,medical,8041,include,Мануальные терапевты
alfa,category,Медицинские услуги,medical,8042,include,"Оптометристы, офтальмологи"
alfa,category,Медицинские услуги,medical,8043,include,"Оптика, оптические товары и очки"
alfa,category,Медицинские услуги,medical,8049,include,Ортопеды
alfa,category,Медицинские услуги,medical,8050,include,Услуги персонального ухода
alfa,category,Медицинские услуги,medical,8062,include,Больницы
alfa,category,Медицинские услуги,medical,8071,include,Стоматологические и медицинские лаборатории
alfa,category,Медицинские услуги,medical,8099,include,"Медицинские работники, медицинские услуги – нигде более не классифицированные"
alfa,category,Медицинские услуги,medical,8021,include,"Стоматологи, ортодонты"
alfa,category,Образование,education,8211,include,Начальная и средняя школы
alfa,category,Образование,education,8220,include,"Колледжи, университеты, профессиональные училища и техникумы"
alfa,category,Образование,education,8241,include,Дистанционные школы
alfa,category,Образование,education,8244,include,Бизнес / секретарские школы
alfa,category,Образование,education,8249,include,Профессиональные школы и училища
alfa,category,Образование,education,8299,include,"Образовательные услуги,  нигде более не классифицированные"
alfa,category,Образование,education,8351,include,Услуги ухода за детьми
alfa,category,Одежда и обувь,clothing,5137,include,"Мужская, женская и детская спецодежда"
alfa,category,Одежда и обувь,clothing,5611,include,"Мужская одежда и аксессуары, включая одежду для мальчиков"
alfa,category,Одежда и обувь,clothing,5621,include,Готовая женская одежда
alfa,category,Одежда и обувь,clothing,5631,include,Аксессуары для женщин
alfa,category,Одежда и обувь,clothing,5651,include,Одежда для всей семьи
alfa,category,Одежда и обувь,clothing,5681,include,Изготовление и продажа меховых изделий
alfa,category,Одежда и обувь,clothing,5691,include,Магазины мужской и женской одежды
alfa,category,Одежда и обувь,clothing,5699,include,Различные магазины одежды и аксессуаров
alfa,category,Одежда и обувь,clothing,5931,include,"Секонд-хенды, магазины б/у товаров, комиссионки"
alfa,category,Одежда и обувь,clothing,7296,include,"Сдача в аренду костюмов, униформы, простой одежды"
alfa,category,Одежда и обувь,clothing,5139,include,Спец-обувь
alfa,category,Одежда и обувь,clothing,5661,include,Обувные магазины
alfa,category,Одежда и обувь,clothing,5948,include,"Магазины кожаных изделий, дорожных принадлежностей"
alfa,category,Одежда и обувь,clothing,7251,include,"Чистка шляп, ремонт и полировка обуви"
alfa,category,Одежда и обувь,clothing,7631,include,Центры ремонта часов и чистки ювелирных изделий
alfa,category,Продукты,groceries,5310,include,"Магазины, торгующие по сниженным ценам"
alfa,category,Продукты,groceries,5311,include,Универмаги
alfa,category,Продукты,groceries,5331,include,Универсальные магазины
alfa,category,Продукты,groceries,5411,include,"Бакалейные магазины, супермаркеты"
alfa,category,Продукты,groceries,5422,include,Продажа свежего и мороженого мяса
alfa,category,Продукты,groceries,5441,include,Кондитерские
alfa,category,Продукты,groceries,5451,include,Продажа молочных продуктов в розницу
alfa,category,Продукты,groceries,5462,include,Булочные
alfa,category,Продукты,groceries,5499,include,Различные продовольственные магазины - нигде более не классифицированные
alfa,category,Продукты,groceries,9751,include,Супермаркеты (Великобритания)
alfa,category,Развлечения,entertainment,5946,include,Магазины фотооборудования и фотоприборов
alfa,category,Развлечения,entertainment,5947,include,"Магазины открыток, подарков, новинок и сувениров"
alfa,category,Развлечения,entertainment,5949,include,"Магазины ткани, ниток, рукоделия, шитья"
alfa,category,Развлечения,entertainment,5998,include,Магазины палаток и навесов
alfa,category,Развлечения,entertainment,7221,include,Фотостудии
alfa,category,Развлечения,entertainment,7395,include,"Фотостудии, фотолаборатории"
alfa,category,Развлечения,entertainment,7993,include,Принадлежности для видеоигр
alfa,category,Развлечения,entertainment,7994,include,Клубы видеоигр
alfa,category,Развлечения,entertainment,5970,include,Магазины художественных и ремесляных изделий
alfa,category,Развлечения,entertainment,5971,include,Галереи и художественные посредники
alfa,category,Развлечения,entertainment,5972,include,Магазины монет и марок (филателические и нумизматические)
alfa,category,Развлечения,entertainment,7911,include,"Танцевальные залы, школы и студии"
alfa,category,Развлечения,entertainment,7922,include,"Театральные продюсеры (кроме кинофильмов), билетные агентства"
alfa,category,Развлечения,entertainment,7991,include,Туристические достопримечательности и выставки
alfa,category,Развлечения,entertainment,7829,include,Производство и распространение кинофильмов и видеокассет
alfa,category,Развлечения,entertainment,7832,include,Кинотеатры
alfa,category,Развлечения,entertainment,7841,include,Видеопрокат
alfa,category,Развлечения,entertainment,5733,include,"Продажа музыкальных инструментов, фортепиано, нот."
alfa,category,Развлечения,entertainment,5735,include,Магазины звукозаписи
alfa,category,Развлечения,entertainment,7929,include,"Музыкальные группы, оркестры и прочие развлекательные услуги"
alfa,category,"Связь, интернет и ТВ",telecom,4813,include,"Торговые точки телеком клавишного ввода, предлагающие единичные локальные и дальние телефонные звонки, используя центральный номер доступа без разговора с оператором и используя код доступа"
alfa,category,"Связь, интернет и ТВ",telecom,4814,include,Телекоммуникационные услуги
alfa,category,"Связь, интернет и ТВ",telecom,4815,include,МастерФон телефонные услуги – Ежемесячное составление телефонных счетов
alfa,category,"Связь, интернет и ТВ",telecom,4816,include,"Компьютерные сети, информационные услуги"
alfa,category,"Связь, интернет и ТВ",telecom,4899,include,Кабельные и другие платные телевизионные услуги
alfa,category,"Связь, интернет и ТВ",telecom,7372,include,"Программирование, обработка данных, проектирование интегрированных систем"
alfa,category,Альфа-Тревел,bank_service,4722,include,Туристические агентства и организаторы экскурсий
alfa,category,Спортивные товары,sports_goods,5655,include,"Спортивная одежда, одежда для верховой езды и езды на мотоцикле"
alfa,category,Спортивные товары,sports_goods,5940,include,Веломагазины – продажа и обслуживание
alfa,category,Спортивные товары,sports_goods,5941,include,Спорттовары
alfa,category,Такси,taxi,4121,include,Лимузины и такси
alfa,category,Техника,electronics,5044,include,"Офисное, фотографическое, фотокопировальное, и микрофильмирующее оборудование"
alfa,category,Техника,electronics,5045,include,"Компьютеры, периферийное компьютерное оборудование, программное обеспечение"
alfa,category,Техника,electronics,5065,include,Электрические части и оборудование
alfa,category,Техника,electronics,5722,include,Бытовое оборудование
alfa,category,Техника,electronics,5732,include,Продажа электронного оборудования
alfa,category,Техника,electronics,5978,include,"Магазины печатающих устройств – аренда, продажа, услуги"
alfa,category,Техника,electronics,5997,include,Магазины электрических бритвенных принадлежностей – распродажа и услуги.
alfa,category,Техника,electronics,7379,include,Ремонт компьютеров
alfa,category,Техника,electronics,7622,include,Ремонт электроники
alfa,category,Техника,electronics,7623,include,Ремонт кондиционеров и холодильников
alfa,category,Техника,electronics,7629,include,Ремонт электрооборудования и малой бытовой техники
alfa,category,Транспорт,transport,4111,include,"Пассажирские перевозки - пригородные и местные пригородные рейсы, включая паромы"
alfa,category,Транспорт,transport,4112,include,Пассажирские железнодорожные перевозки
alfa,category,Транспорт,transport,4131,include,Автобусные линии
alfa,category,Транспорт,transport,4729,include,Услуги пассажирских перевозок – нигде более не классифицированные
alfa,category,Транспорт,transport,4789,include,Услуги пассажирских перевозок – нигде более не классифицированные
alfa,category,Фастфуд,fastfood,5814,include,Фастфуд
alfa,category,"Фастфуд, кафе и рестораны",restaurants_all,5814,include,Фастфуд
alfa,category,"Фастфуд, кафе и рестораны",restaurants_all,5811,include,Поставщики провизии
alfa,category,"Фастфуд, кафе и рестораны",restaurants_all,5812,include,"Места общественного питания, рестораны"
alfa,category,"Фастфуд, кафе и рестораны",restaurants_all,5813,include,"Бары, коктейль-бары, дискотеки, ночные клубы и таверны – места продажи алкогольных напитков"
alfa,category,Цветы,flowers,5193,include,"Принадлежности для флористов, питомник и цветы"
alfa,category,Цветы,flowers,5992,include,Флористика
alfa,category,Цифровые товары,digital,5734,include,Продажа компьютерного программного обеспечения
alfa,category,Цифровые товары,digital,5735,include,Магазины звукозаписи
alfa,category,Цифровые товары,digital,5815,include,"Цифровые товары - аудиовизуальные медиа, включая книги, фильмы и музыку"
alfa,category,Цифровые товары,digital,5816,include,Цифровые товары – игры
alfa,category,Цифровые товары,digital,5817,include,Цифровые товары - приложения (кроме игр)
alfa,category,Цифровые товары,digital,5818,include,Цифровые товары - мультикатегория
alfa,category,Ювелирные изделия,jewelry,5094,include,"Драгоценные камни и металлы, часы и ювелирные изделия"
alfa,category,Ювелирные изделия,jewelry,5944,include,"Часы, ювелирные и серебряные изделия"
alfa,exclusion:conditional,"Туры, отели, авиабилеты онлайн, офисы авиакомпаний и кассы а",,3000,exclude,United Airlines
alfa,exclusion:conditional,"Туры, отели, авиабилеты онлайн, офисы авиакомпаний и кассы а",,3001,exclude,American Airlines
alfa,exclusion:conditional,"Туры, отели, авиабилеты онлайн, офисы авиакомпаний и кассы а",,3002,exclude,Pan American
alfa,exclusion:conditional,"Туры, отели, авиабилеты онлайн, офисы авиакомпаний и кассы а",,3003,exclude,Eurofly
alfa,exclusion:conditional,"Туры, отели, авиабилеты онлайн, офисы авиакомпаний и кассы а",,3004,exclude,Dragonair
alfa,exclusion:conditional,"Туры, отели, авиабилеты онлайн, офисы авиакомпаний и кассы а",,3005,exclude,British Airways
alfa,exclusion:conditional,"Туры, отели, авиабилеты онлайн, офисы авиакомпаний и кассы а",,3006,exclude,Japan Air Lines
alfa,exclusion:conditional,"Туры, отели, авиабилеты онлайн, офисы авиакомпаний и кассы а",,3007,exclude,Air France
alfa,exclusion:conditional,"Туры, отели, авиабилеты онлайн, офисы авиакомпаний и кассы а",,3008,exclude,Lufthansa
alfa,exclusion:conditional,"Туры, отели, авиабилеты онлайн, офисы авиакомпаний и кассы а",,3009,exclude,Air Canada
alfa,exclusion:conditional,"Туры, отели, авиабилеты онлайн, офисы авиакомпаний и кассы а",,3010,exclude,Royal Dutch Airlines
alfa,exclusion:conditional,"Туры, отели, авиабилеты онлайн, офисы авиакомпаний и кассы а",,3012,exclude,Qantas
alfa,exclusion:conditional,"Туры, отели, авиабилеты онлайн, офисы авиакомпаний и кассы а",,3013,exclude,Alitalia
alfa,exclusion:conditional,"Туры, отели, авиабилеты онлайн, офисы авиакомпаний и кассы а",,3014,exclude,Saudi Arabian Airlines
alfa,exclusion:conditional,"Туры, отели, авиабилеты онлайн, офисы авиакомпаний и кассы а",,3015,exclude,Swiss International Air Lines
alfa,exclusion:conditional,"Туры, отели, авиабилеты онлайн, офисы авиакомпаний и кассы а",,3016,exclude,Scandinavian Airline System
alfa,exclusion:conditional,"Туры, отели, авиабилеты онлайн, офисы авиакомпаний и кассы а",,3017,exclude,South African Airways
alfa,exclusion:conditional,"Туры, отели, авиабилеты онлайн, офисы авиакомпаний и кассы а",,3018,exclude,Varig (Бразилия)
alfa,exclusion:conditional,"Туры, отели, авиабилеты онлайн, офисы авиакомпаний и кассы а",,3020,exclude,Air India
alfa,exclusion:conditional,"Туры, отели, авиабилеты онлайн, офисы авиакомпаний и кассы а",,3021,exclude,Air Algerie
alfa,exclusion:conditional,"Туры, отели, авиабилеты онлайн, офисы авиакомпаний и кассы а",,3022,exclude,Philippine Airlines
alfa,exclusion:conditional,"Туры, отели, авиабилеты онлайн, офисы авиакомпаний и кассы а",,3023,exclude,Mexicana
alfa,exclusion:conditional,"Туры, отели, авиабилеты онлайн, офисы авиакомпаний и кассы а",,3024,exclude,Pakistan International
alfa,exclusion:conditional,"Туры, отели, авиабилеты онлайн, офисы авиакомпаний и кассы а",,3025,exclude,Air New Zealand Limited International
alfa,exclusion:conditional,"Туры, отели, авиабилеты онлайн, офисы авиакомпаний и кассы а",,3026,exclude,Emirates Airlines
alfa,exclusion:conditional,"Туры, отели, авиабилеты онлайн, офисы авиакомпаний и кассы а",,3027,exclude,Union de Transports Aeriens
alfa,exclusion:conditional,"Туры, отели, авиабилеты онлайн, офисы авиакомпаний и кассы а",,3028,exclude,Air Malta
alfa,exclusion:conditional,"Туры, отели, авиабилеты онлайн, офисы авиакомпаний и кассы а",,3029,exclude,SN Brussels Airlines
alfa,exclusion:conditional,"Туры, отели, авиабилеты онлайн, офисы авиакомпаний и кассы а",,3030,exclude,Aerolineas Argentinas
alfa,exclusion:conditional,"Туры, отели, авиабилеты онлайн, офисы авиакомпаний и кассы а",,3031,exclude,Olympic Airways
alfa,exclusion:conditional,"Туры, отели, авиабилеты онлайн, офисы авиакомпаний и кассы а",,3032,exclude,El Al
alfa,exclusion:conditional,"Туры, отели, авиабилеты онлайн, офисы авиакомпаний и кассы а",,3033,exclude,Ansett Airlines
alfa,exclusion:conditional,"Туры, отели, авиабилеты онлайн, офисы авиакомпаний и кассы а",,3034,exclude,Etihad Airways
alfa,exclusion:conditional,"Туры, отели, авиабилеты онлайн, офисы авиакомпаний и кассы а",,3035,exclude,Tap (Португалия)
alfa,exclusion:conditional,"Туры, отели, авиабилеты онлайн, офисы авиакомпаний и кассы а",,3036,exclude,VASP (Бразилия)
alfa,exclusion:conditional,"Туры, отели, авиабилеты онлайн, офисы авиакомпаний и кассы а",,3037,exclude,EgyptAir
alfa,exclusion:conditional,"Туры, отели, авиабилеты онлайн, офисы авиакомпаний и кассы а",,3038,exclude,Kuwait Airways
alfa,exclusion:conditional,"Туры, отели, авиабилеты онлайн, офисы авиакомпаний и кассы а",,3039,exclude,Avianca
alfa,exclusion:conditional,"Туры, отели, авиабилеты онлайн, офисы авиакомпаний и кассы а",,3040,exclude,Gulf Air (Бахрейн)
alfa,exclusion:conditional,"Туры, отели, авиабилеты онлайн, офисы авиакомпаний и кассы а",,3041,exclude,Balkan—Bulgarian Airlines
alfa,exclusion:conditional,"Туры, отели, авиабилеты онлайн, офисы авиакомпаний и кассы а",,3042,exclude,Finnair
alfa,exclusion:conditional,"Туры, отели, авиабилеты онлайн, офисы авиакомпаний и кассы а",,3043,exclude,Aer Lingus
alfa,exclusion:conditional,"Туры, отели, авиабилеты онлайн, офисы авиакомпаний и кассы а",,3044,exclude,Air Lanka
alfa,exclusion:conditional,"Туры, отели, авиабилеты онлайн, офисы авиакомпаний и кассы а",,3045,exclude,Nigeria Airways
alfa,exclusion:conditional,"Туры, отели, авиабилеты онлайн, офисы авиакомпаний и кассы а",,3046,exclude,Cruzeiro do Sul (Бразилия)
alfa,exclusion:conditional,"Туры, отели, авиабилеты онлайн, офисы авиакомпаний и кассы а",,3047,exclude,Turkish Airlines
alfa,exclusion:conditional,"Туры, отели, авиабилеты онлайн, офисы авиакомпаний и кассы а",,3048,exclude,Royal Air Maroc
alfa,exclusion:conditional,"Туры, отели, авиабилеты онлайн, офисы авиакомпаний и кассы а",,3049,exclude,Tunis Air
alfa,exclusion:conditional,"Туры, отели, авиабилеты онлайн, офисы авиакомпаний и кассы а",,3050,exclude,Icelandair
alfa,exclusion:conditional,"Туры, отели, авиабилеты онлайн, офисы авиакомпаний и кассы а",,3051,exclude,Austrian Airlines
alfa,exclusion:conditional,"Туры, отели, авиабилеты онлайн, офисы авиакомпаний и кассы а",,3052,exclude,LAN Airlines
alfa,exclusion:conditional,"Туры, отели, авиабилеты онлайн, офисы авиакомпаний и кассы а",,3053,exclude,AVIACO (Испания)
alfa,exclusion:conditional,"Туры, отели, авиабилеты онлайн, офисы авиакомпаний и кассы а",,3054,exclude,LADECO (Чили)
alfa,exclusion:conditional,"Туры, отели, авиабилеты онлайн, офисы авиакомпаний и кассы а",,3055,exclude,LAB (Боливия)
alfa,exclusion:conditional,"Туры, отели, авиабилеты онлайн, офисы авиакомпаний и кассы а",,3056,exclude,Jet Airways
alfa,exclusion:conditional,"Туры, отели, авиабилеты онлайн, офисы авиакомпаний и кассы а",,3057,exclude,Virgin America
alfa,exclusion:conditional,"Туры, отели, авиабилеты онлайн, офисы авиакомпаний и кассы а",,3058,exclude,Delta
alfa,exclusion:conditional,"Туры, отели, авиабилеты онлайн, офисы авиакомпаний и кассы а",,3059,exclude,DBA Airlines
alfa,exclusion:conditional,"Туры, отели, авиабилеты онлайн, офисы авиакомпаний и кассы а",,3060,exclude,Northwest Airlines
alfa,exclusion:conditional,"Туры, отели, авиабилеты онлайн, офисы авиакомпаний и кассы а",,3061,exclude,Continental
alfa,exclusion:conditional,"Туры, отели, авиабилеты онлайн, офисы авиакомпаний и кассы а",,3062,exclude,Hapag-Lloyd Express
alfa,exclusion:conditional,"Туры, отели, авиабилеты онлайн, офисы авиакомпаний и кассы а",,3063,exclude,U.S. Airways
alfa,exclusion:conditional,"Туры, отели, авиабилеты онлайн, офисы авиакомпаний и кассы а",,3064,exclude,Adria Airways
alfa,exclusion:conditional,"Туры, отели, авиабилеты онлайн, офисы авиакомпаний и кассы а",,3065,exclude,Air Inter
alfa,exclusion:conditional,"Туры, отели, авиабилеты онлайн, офисы авиакомпаний и кассы а",,3066,exclude,Southwest Airlines
alfa,exclusion:conditional,"Туры, отели, авиабилеты онлайн, офисы авиакомпаний и кассы а",,3067,exclude,Vanguard Airlines
alfa,exclusion:conditional,"Туры, отели, авиабилеты онлайн, офисы авиакомпаний и кассы а",,3068,exclude,Air Astana
alfa,exclusion:conditional,"Туры, отели, авиабилеты онлайн, офисы авиакомпаний и кассы а",,3069,exclude,Sun Country Airlines
alfa,exclusion:conditional,"Туры, отели, авиабилеты онлайн, офисы авиакомпаний и кассы а",,3071,exclude,Air British Columbia
alfa,exclusion:conditional,"Туры, отели, авиабилеты онлайн, офисы авиакомпаний и кассы а",,3072,exclude,Cebu Pacific
alfa,exclusion:conditional,"Туры, отели, авиабилеты онлайн, офисы авиакомпаний и кассы а",,3075,exclude,Singapore Airlines
alfa,exclusion:conditional,"Туры, отели, авиабилеты онлайн, офисы авиакомпаний и кассы а",,3076,exclude,Aeromexico
alfa,exclusion:conditional,"Туры, отели, авиабилеты онлайн, офисы авиакомпаний и кассы а",,3077,exclude,Thai Airways
alfa,exclusion:conditional,"Туры, отели, авиабилеты онлайн, офисы авиакомпаний и кассы а",,3078,exclude,China Airlines
alfa,exclusion:conditional,"Туры, отели, авиабилеты онлайн, офисы авиакомпаний и кассы а",,3079,exclude,Jetstar Airways
alfa,exclusion:conditional,"Туры, отели, авиабилеты онлайн, офисы авиакомпаний и кассы а",,3082,exclude,Korean Airlines
alfa,exclusion:conditional,"Туры, отели, авиабилеты онлайн, офисы авиакомпаний и кассы а",,3083,exclude,Air Afrique
alfa,exclusion:conditional,"Туры, отели, авиабилеты онлайн, офисы авиакомпаний и кассы а",,3084,exclude,Eva Airways
alfa,exclusion:conditional,"Туры, отели, авиабилеты онлайн, офисы авиакомпаний и кассы а",,3085,exclude,Midwest Express Airlines
alfa,exclusion:conditional,"Туры, отели, авиабилеты онлайн, офисы авиакомпаний и кассы а",,3086,exclude,Carnival Airlines
alfa,exclusion:conditional,"Туры, отели, авиабилеты онлайн, офисы авиакомпаний и кассы а",,3087,exclude,Metro Airlines
alfa,exclusion:conditional,"Туры, отели, авиабилеты онлайн, офисы авиакомпаний и кассы а",,3088,exclude,Croatia Air
alfa,exclusion:conditional,"Туры, отели, авиабилеты онлайн, офисы авиакомпаний и кассы а",,3089,exclude,Transaero
alfa,exclusion:conditional,"Туры, отели, авиабилеты онлайн, офисы авиакомпаний и кассы а",,3090,exclude,Uni Airways
alfa,exclusion:conditional,"Туры, отели, авиабилеты онлайн, офисы авиакомпаний и кассы а",,3094,exclude,Zambia Airways
alfa,exclusion:conditional,"Туры, отели, авиабилеты онлайн, офисы авиакомпаний и кассы а",,3096,exclude,Air Zimbabwe
alfa,exclusion:conditional,"Туры, отели, авиабилеты онлайн, офисы авиакомпаний и кассы а",,3097,exclude,Spanair
alfa,exclusion:conditional,"Туры, отели, авиабилеты онлайн, офисы авиакомпаний и кассы а",,3098,exclude,Asiana Airlines
alfa,exclusion:conditional,"Туры, отели, авиабилеты онлайн, офисы авиакомпаний и кассы а",,3099,exclude,Cathay Pacific
alfa,exclusion:conditional,"Туры, отели, авиабилеты онлайн, офисы авиакомпаний и кассы а",,3100,exclude,Malaysian Airline System
alfa,exclusion:conditional,"Туры, отели, авиабилеты онлайн, офисы авиакомпаний и кассы а",,3102,exclude,Iberia
alfa,exclusion:conditional,"Туры, отели, авиабилеты онлайн, офисы авиакомпаний и кассы а",,3103,exclude,Garuda (Индонезия)
alfa,exclusion:conditional,"Туры, отели, авиабилеты онлайн, офисы авиакомпаний и кассы а",,3106,exclude,Braathens S.A.F.E. (Норвегия)
alfa,exclusion:conditional,"Туры, отели, авиабилеты онлайн, офисы авиакомпаний и кассы а",,3110,exclude,"Авиалинии, авиакомпании"
alfa,exclusion:conditional,"Туры, отели, авиабилеты онлайн, офисы авиакомпаний и кассы а",,3111,exclude,British Midland
alfa,exclusion:conditional,"Туры, отели, авиабилеты онлайн, офисы авиакомпаний и кассы а",,3112,exclude,Windward Island
alfa,exclusion:conditional,"Туры, отели, авиабилеты онлайн, офисы авиакомпаний и кассы а",,3115,exclude,"Авиалинии, авиакомпании"
alfa,exclusion:conditional,"Туры, отели, авиабилеты онлайн, офисы авиакомпаний и кассы а",,3117,exclude,Venezolana International de Aviacion
alfa,exclusion:conditional,"Туры, отели, авиабилеты онлайн, офисы авиакомпаний и кассы а",,3118,exclude,"Авиалинии, авиакомпании"
alfa,exclusion:conditional,"Туры, отели, авиабилеты онлайн, офисы авиакомпаний и кассы а",,3125,exclude,Tan Airlines
alfa,exclusion:conditional,"Туры, отели, авиабилеты онлайн, офисы авиакомпаний и кассы а",,3126,exclude,"Авиалинии, авиакомпании"
alfa,exclusion:conditional,"Туры, отели, авиабилеты онлайн, офисы авиакомпаний и кассы а",,3127,exclude,Taca International
alfa,exclusion:conditional,"Туры, отели, авиабилеты онлайн, офисы авиакомпаний и кассы а",,3129,exclude,Surinam Airways
alfa,exclusion:conditional,"Туры, отели, авиабилеты онлайн, офисы авиакомпаний и кассы а",,3130,exclude,Sunworld International Airways
alfa,exclusion:conditional,"Туры, отели, авиабилеты онлайн, офисы авиакомпаний и кассы а",,3131,exclude,VLM Airlines
alfa,exclusion:conditional,"Туры, отели, авиабилеты онлайн, офисы авиакомпаний и кассы а",,3132,exclude,Frontier Airlines
alfa,exclusion:conditional,"Туры, отели, авиабилеты онлайн, офисы авиакомпаний и кассы а",,3133,exclude,"Авиалинии, авиакомпании"
alfa,exclusion:conditional,"Туры, отели, авиабилеты онлайн, офисы авиакомпаний и кассы а",,3135,exclude,"Авиалинии, авиакомпании"
alfa,exclusion:conditional,"Туры, отели, авиабилеты онлайн, офисы авиакомпаний и кассы а",,3136,exclude,Qatar Airways Company W.L.L.
alfa,exclusion:conditional,"Туры, отели, авиабилеты онлайн, офисы авиакомпаний и кассы а",,3137,exclude,"Авиалинии, авиакомпании"
alfa,exclusion:conditional,"Туры, отели, авиабилеты онлайн, офисы авиакомпаний и кассы а",,3138,exclude,"Авиалинии, авиакомпании"
alfa,exclusion:conditional,"Туры, отели, авиабилеты онлайн, офисы авиакомпаний и кассы а",,3143,exclude,"Авиалинии, авиакомпании"
alfa,exclusion:conditional,"Туры, отели, авиабилеты онлайн, офисы авиакомпаний и кассы а",,3144,exclude,Virgin Atlantic
alfa,exclusion:conditional,"Туры, отели, авиабилеты онлайн, офисы авиакомпаний и кассы а",,3145,exclude,"Авиалинии, авиакомпании"
alfa,exclusion:conditional,"Туры, отели, авиабилеты онлайн, офисы авиакомпаний и кассы а",,3146,exclude,Luxair
alfa,exclusion:conditional,"Туры, отели, авиабилеты онлайн, офисы авиакомпаний и кассы а",,3148,exclude,"Air Littoral, S.A."
alfa,exclusion:conditional,"Туры, отели, авиабилеты онлайн, офисы авиакомпаний и кассы а",,3151,exclude,Air Zaire
alfa,exclusion:conditional,"Туры, отели, авиабилеты онлайн, офисы авиакомпаний и кассы а",,3154,exclude,"Авиалинии, авиакомпании"
alfa,exclusion:conditional,"Туры, отели, авиабилеты онлайн, офисы авиакомпаний и кассы а",,3156,exclude,GO FLY Ltd.
alfa,exclusion:conditional,"Туры, отели, авиабилеты онлайн, офисы авиакомпаний и кассы а",,3159,exclude,Provincetown-Boston Airways
alfa,exclusion:conditional,"Туры, отели, авиабилеты онлайн, офисы авиакомпаний и кассы а",,3161,exclude,All Nippon Airways
alfa,exclusion:conditional,"Туры, отели, авиабилеты онлайн, офисы авиакомпаний и кассы а",,3164,exclude,Norontair
alfa,exclusion:conditional,"Туры, отели, авиабилеты онлайн, офисы авиакомпаний и кассы а",,3165,exclude,"Авиалинии, авиакомпании"
alfa,exclusion:conditional,"Туры, отели, авиабилеты онлайн, офисы авиакомпаний и кассы а",,3167,exclude,Aero Continente
alfa,exclusion:conditional,"Туры, отели, авиабилеты онлайн, офисы авиакомпаний и кассы а",,3170,exclude,"Авиалинии, авиакомпании"
alfa,exclusion:conditional,"Туры, отели, авиабилеты онлайн, офисы авиакомпаний и кассы а",,3171,exclude,Canadian Airlines
alfa,exclusion:conditional,"Туры, отели, авиабилеты онлайн, офисы авиакомпаний и кассы а",,3172,exclude,Nation Air
alfa,exclusion:conditional,"Туры, отели, авиабилеты онлайн, офисы авиакомпаний и кассы а",,3174,exclude,JetBlue Airways
alfa,exclusion:conditional,"Туры, отели, авиабилеты онлайн, офисы авиакомпаний и кассы а",,3175,exclude,Middle East Air
alfa,exclusion:conditional,"Туры, отели, авиабилеты онлайн, офисы авиакомпаний и кассы а",,3176,exclude,"Авиалинии, авиакомпании"
alfa,exclusion:conditional,"Туры, отели, авиабилеты онлайн, офисы авиакомпаний и кассы а",,3177,exclude,AirTran Airways
alfa,exclusion:conditional,"Туры, отели, авиабилеты онлайн, офисы авиакомпаний и кассы а",,3178,exclude,Mesa Air
alfa,exclusion:conditional,"Туры, отели, авиабилеты онлайн, офисы авиакомпаний и кассы а",,3180,exclude,Westjet Airlines
alfa,exclusion:conditional,"Туры, отели, авиабилеты онлайн, офисы авиакомпаний и кассы а",,3181,exclude,Malev Hungarian Airlines
alfa,exclusion:conditional,"Туры, отели, авиабилеты онлайн, офисы авиакомпаний и кассы а",,3182,exclude,LOT – Polish Airlines
alfa,exclusion:conditional,"Туры, отели, авиабилеты онлайн, офисы авиакомпаний и кассы а",,3183,exclude,Oman Aviation Services
alfa,exclusion:conditional,"Туры, отели, авиабилеты онлайн, офисы авиакомпаний и кассы а",,3184,exclude,LIAT
alfa,exclusion:conditional,"Туры, отели, авиабилеты онлайн, офисы авиакомпаний и кассы а",,3185,exclude,LAV Linea Aeropostal Venezolana
alfa,exclusion:conditional,"Туры, отели, авиабилеты онлайн, офисы авиакомпаний и кассы а",,3186,exclude,LAP Lineas Aereas Paraguayas
alfa,exclusion:conditional,"Туры, отели, авиабилеты онлайн, офисы авиакомпаний и кассы а",,3187,exclude,LACSA (Коста Рика)
alfa,exclusion:conditional,"Туры, отели, авиабилеты онлайн, офисы авиакомпаний и кассы а",,3188,exclude,Virgin Express
alfa,exclusion:conditional,"Туры, отели, авиабилеты онлайн, офисы авиакомпаний и кассы а",,3190,exclude,Jugoslav Air
alfa,exclusion:conditional,"Туры, отели, авиабилеты онлайн, офисы авиакомпаний и кассы а",,3191,exclude,Island Airlines
alfa,exclusion:conditional,"Туры, отели, авиабилеты онлайн, офисы авиакомпаний и кассы а",,3193,exclude,Indian Airlines
alfa,exclusion:conditional,"Туры, отели, авиабилеты онлайн, офисы авиакомпаний и кассы а",,3196,exclude,Hawaiian Air
alfa,exclusion:conditional,"Туры, отели, авиабилеты онлайн, офисы авиакомпаний и кассы а",,3197,exclude,Havasu Airlines
alfa,exclusion:conditional,"Туры, отели, авиабилеты онлайн, офисы авиакомпаний и кассы а",,3200,exclude,Guyana Airways
alfa,exclusion:conditional,"Туры, отели, авиабилеты онлайн, офисы авиакомпаний и кассы а",,3203,exclude,"Авиалинии, авиакомпании"
alfa,exclusion:conditional,"Туры, отели, авиабилеты онлайн, офисы авиакомпаний и кассы а",,3204,exclude,Freedom Airlines
alfa,exclusion:conditional,"Туры, отели, авиабилеты онлайн, офисы авиакомпаний и кассы а",,3206,exclude,China Eastern Airlines
alfa,exclusion:conditional,"Туры, отели, авиабилеты онлайн, офисы авиакомпаний и кассы а",,3211,exclude,Norwegian Air Shuttle
alfa,exclusion:conditional,"Туры, отели, авиабилеты онлайн, офисы авиакомпаний и кассы а",,3212,exclude,Dominicana de Aviacion
alfa,exclusion:conditional,"Туры, отели, авиабилеты онлайн, офисы авиакомпаний и кассы а",,3213,exclude,Braathens Regional Airlines
alfa,exclusion:conditional,"Туры, отели, авиабилеты онлайн, офисы авиакомпаний и кассы а",,3215,exclude,"Авиалинии, авиакомпании"
alfa,exclusion:conditional,"Туры, отели, авиабилеты онлайн, офисы авиакомпаний и кассы а",,3216,exclude,"Авиалинии, авиакомпании"
alfa,exclusion:conditional,"Туры, отели, авиабилеты онлайн, офисы авиакомпаний и кассы а",,3217,exclude,CSA Ceskoslovenske Aerolinie
alfa,exclusion:conditional,"Туры, отели, авиабилеты онлайн, офисы авиакомпаний и кассы а",,3218,exclude,"Авиалинии, авиакомпании"
alfa,exclusion:conditional,"Туры, отели, авиабилеты онлайн, офисы авиакомпаний и кассы а",,3219,exclude,Compania Panamena de Aviacion
alfa,exclusion:conditional,"Туры, отели, авиабилеты онлайн, офисы авиакомпаний и кассы а",,3220,exclude,Compania Faucett
alfa,exclusion:conditional,"Туры, отели, авиабилеты онлайн, офисы авиакомпаний и кассы а",,3221,exclude,Transportes Aeros Militares Ecuatorianos
alfa,exclusion:conditional,"Туры, отели, авиабилеты онлайн, офисы авиакомпаний и кассы а",,3222,exclude,Command Airways
alfa,exclusion:conditional,"Туры, отели, авиабилеты онлайн, офисы авиакомпаний и кассы а",,3223,exclude,Comair
alfa,exclusion:conditional,"Туры, отели, авиабилеты онлайн, офисы авиакомпаний и кассы а",,3226,exclude,Skyways
alfa,exclusion:conditional,"Туры, отели, авиабилеты онлайн, офисы авиакомпаний и кассы а",,3228,exclude,Cayman Airways
alfa,exclusion:conditional,"Туры, отели, авиабилеты онлайн, офисы авиакомпаний и кассы а",,3229,exclude,SAETA (Sociedad Ecuatorianas De Transportes Aereo)
alfa,exclusion:conditional,"Туры, отели, авиабилеты онлайн, офисы авиакомпаний и кассы а",,3231,exclude,SAHSA (Servicio Aero de Honduras)
alfa,exclusion:conditional,"Туры, отели, авиабилеты онлайн, офисы авиакомпаний и кассы а",,3233,exclude,"Авиалинии, авиакомпании"
alfa,exclusion:conditional,"Туры, отели, авиабилеты онлайн, офисы авиакомпаний и кассы а",,3234,exclude,Caribbean Airlines
alfa,exclusion:conditional,"Туры, отели, авиабилеты онлайн, офисы авиакомпаний и кассы а",,3235,exclude,"Авиалинии, авиакомпании"
alfa,exclusion:conditional,"Туры, отели, авиабилеты онлайн, офисы авиакомпаний и кассы а",,3236,exclude,Air Arabia Airline
alfa,exclusion:conditional,"Туры, отели, авиабилеты онлайн, офисы авиакомпаний и кассы а",,3238,exclude,"Авиалинии, авиакомпании"
alfa,exclusion:conditional,"Туры, отели, авиабилеты онлайн, офисы авиакомпаний и кассы а",,3239,exclude,Bar Harbor Airlines
alfa,exclusion:conditional,"Туры, отели, авиабилеты онлайн, офисы авиакомпаний и кассы а",,3240,exclude,Bahamasair
alfa,exclusion:conditional,"Туры, отели, авиабилеты онлайн, офисы авиакомпаний и кассы а",,3241,exclude,Aviateca (Гватемала)
alfa,exclusion:conditional,"Туры, отели, авиабилеты онлайн, офисы авиакомпаний и кассы а",,3242,exclude,Avensa
alfa,exclusion:conditional,"Туры, отели, авиабилеты онлайн, офисы авиакомпаний и кассы а",,3243,exclude,Austrian Air Service
alfa,exclusion:conditional,"Туры, отели, авиабилеты онлайн, офисы авиакомпаний и кассы а",,3245,exclude,EasyJet
alfa,exclusion:conditional,"Туры, отели, авиабилеты онлайн, офисы авиакомпаний и кассы а",,3246,exclude,Ryanair
alfa,exclusion:conditional,"Туры, отели, авиабилеты онлайн, офисы авиакомпаний и кассы а",,3247,exclude,Gol Airlines
alfa,exclusion:conditional,"Туры, отели, авиабилеты онлайн, офисы авиакомпаний и кассы а",,3248,exclude,Tam Airlines
alfa,exclusion:conditional,"Туры, отели, авиабилеты онлайн, офисы авиакомпаний и кассы а",,3252,exclude,ALM Antilean Airlines
alfa,exclusion:conditional,"Туры, отели, авиабилеты онлайн, офисы авиакомпаний и кассы а",,3253,exclude,America West
alfa,exclusion:conditional,"Туры, отели, авиабилеты онлайн, офисы авиакомпаний и кассы а",,3254,exclude,Trump Airline
alfa,exclusion:conditional,"Туры, отели, авиабилеты онлайн, офисы авиакомпаний и кассы а",,3256,exclude,Alaska Airlines Inc.
alfa,exclusion:conditional,"Туры, отели, авиабилеты онлайн, офисы авиакомпаний и кассы а",,3260,exclude,Spirit Airlines
alfa,exclusion:conditional,"Туры, отели, авиабилеты онлайн, офисы авиакомпаний и кассы а",,3261,exclude,Air China
alfa,exclusion:conditional,"Туры, отели, авиабилеты онлайн, офисы авиакомпаний и кассы а",,3262,exclude,"Авиалинии, авиакомпании"
alfa,exclusion:conditional,"Туры, отели, авиабилеты онлайн, офисы авиакомпаний и кассы а",,3263,exclude,Aero Servicio Carabobo
alfa,exclusion:conditional,"Туры, отели, авиабилеты онлайн, офисы авиакомпаний и кассы а",,3266,exclude,Air Seychelles
alfa,exclusion:conditional,"Туры, отели, авиабилеты онлайн, офисы авиакомпаний и кассы а",,3267,exclude,Air Panama International
alfa,exclusion:conditional,"Туры, отели, авиабилеты онлайн, офисы авиакомпаний и кассы а",,3280,exclude,Air Jamaica
alfa,exclusion:conditional,"Туры, отели, авиабилеты онлайн, офисы авиакомпаний и кассы а",,3282,exclude,Air Djibouti
alfa,exclusion:conditional,"Туры, отели, авиабилеты онлайн, офисы авиакомпаний и кассы а",,3284,exclude,"Авиалинии, авиакомпании"
alfa,exclusion:conditional,"Туры, отели, авиабилеты онлайн, офисы авиакомпаний и кассы а",,3285,exclude,Aero Peru
alfa,exclusion:conditional,"Туры, отели, авиабилеты онлайн, офисы авиакомпаний и кассы а",,3286,exclude,Aero Nicaraguenses
alfa,exclusion:conditional,"Туры, отели, авиабилеты онлайн, офисы авиакомпаний и кассы а",,3287,exclude,Aero Coach Aviation
alfa,exclusion:conditional,"Туры, отели, авиабилеты онлайн, офисы авиакомпаний и кассы а",,3292,exclude,Cyprus Airways
alfa,exclusion:conditional,"Туры, отели, авиабилеты онлайн, офисы авиакомпаний и кассы а",,3293,exclude,Ecuatoriana
alfa,exclusion:conditional,"Туры, отели, авиабилеты онлайн, офисы авиакомпаний и кассы а",,3294,exclude,Ethiopian Airlines
alfa,exclusion:conditional,"Туры, отели, авиабилеты онлайн, офисы авиакомпаний и кассы а",,3295,exclude,Kenya Airways
alfa,exclusion:conditional,"Туры, отели, авиабилеты онлайн, офисы авиакомпаний и кассы а",,3296,exclude,Air Berlin
alfa,exclusion:conditional,"Туры, отели, авиабилеты онлайн, офисы авиакомпаний и кассы а",,3297,exclude,Tarom Romanian Air Transport
alfa,exclusion:conditional,"Туры, отели, авиабилеты онлайн, офисы авиакомпаний и кассы а",,3298,exclude,Air Mauritius
alfa,exclusion:conditional,"Туры, отели, авиабилеты онлайн, офисы авиакомпаний и кассы а",,3299,exclude,Wideroes Flyveselskap
alfa,exclusion:conditional,"Туры, отели, авиабилеты онлайн, офисы авиакомпаний и кассы а",,3300,exclude,Azul Air
alfa,exclusion:conditional,"Туры, отели, авиабилеты онлайн, офисы авиакомпаний и кассы а",,3301,exclude,Wizz Air
alfa,exclusion:conditional,"Туры, отели, авиабилеты онлайн, офисы авиакомпаний и кассы а",,3302,exclude,Flybe Air
alfa,exclusion:conditional,"Туры, отели, авиабилеты онлайн, офисы авиакомпаний и кассы а",,4511,exclude,"Авиалинии, авиакомпании - нигде более не классифицированные"
alfa,exclusion:conditional,"Туры, отели, авиабилеты онлайн, офисы авиакомпаний и кассы а",,4582,exclude,"Аэропорты, терминалы аэропортов, лётные поля"
alfa,exclusion:conditional,"Туры, отели, авиабилеты онлайн, офисы авиакомпаний и кассы а",,4722,exclude,Туристические агентства и организаторы экскурсий
alfa,exclusion:conditional,Онлайн-оплата топлива и покупки на АЗС через сторонние прило,,5172,exclude,Нефть и нефтепродукты
alfa,exclusion:conditional,Онлайн-оплата топлива и покупки на АЗС через сторонние прило,,5541,exclude,Заправочные станции (с вспомогательными услугами или без)
alfa,exclusion:conditional,Онлайн-оплата топлива и покупки на АЗС через сторонние прило,,5542,exclude,Автоматические заправочные станции
alfa,exclusion:conditional,Онлайн-оплата топлива и покупки на АЗС через сторонние прило,,5552,exclude,Зарядка электромобилей
alfa,exclusion:conditional,Онлайн-оплата топлива и покупки на АЗС через сторонние прило,,5983,exclude,"Поставщики топлива – уголь, мазут, сжиженная нефть, древесина"
alfa,exclusion:conditional,Онлайн-оплата топлива и покупки на АЗС через сторонние прило,,9752,exclude,Автозаправочные станции (Великобритания)
alfa,exclusion:conditional,Онлайн-оплата топлива и покупки на АЗС через сторонние прило,,3990,exclude,Экосистема Яндекса
alfa,exclusion:conditional,Онлайн-оплата топлива и покупки на АЗС через сторонние прило,,3992,exclude,Экосистема Газпром
vtb,category,Супермаркеты,groceries,5412,include,Гибридные супермаркеты
vtb,category,Супермаркеты,groceries,5462,include,Булочные
vtb,category,Супермаркеты,groceries,5411,include,"Бакалейные магазины, супермаркеты"
vtb,category,Супермаркеты,groceries,5422,include,Продажа свежего и мороженого мяса
vtb,category,Супермаркеты,groceries,5441,include,Кондитерские
vtb,category,Супермаркеты,groceries,5451,include,Продажа молочных продуктов в розницу
vtb,category,Супермаркеты,groceries,5499,include,Различные продовольственные магазины - нигде более не классифицированные
vtb,category,Супермаркеты,groceries,9751,include,Супермаркеты (Великобритания)
vtb,category,Аптеки,pharmacy,5122,include,"Лекарства, их распространители, аптеки"
vtb,category,Аптеки,pharmacy,5912,include,Аптеки
vtb,category,Аптеки,pharmacy,5292,include,Категория неизвестна
vtb,category,Здоровье,health,8050,include,Услуги персонального ухода
vtb,category,Здоровье,health,4119,include,Услуги скорой помощи
vtb,category,Здоровье,health,5975,include,"Слуховые аппараты – продажа, сервис, снабжение"
vtb,category,Здоровье,health,5976,include,Ортопедические товары
vtb,category,Здоровье,health,8011,include,Врачи – нигде более не классифицированные
vtb,category,Здоровье,health,8021,include,"Стоматологи, ортодонты"
vtb,category,Здоровье,health,8031,include,Остеопаты
vtb,category,Здоровье,health,8041,include,Мануальные терапевты
vtb,category,Здоровье,health,8042,include,"Оптометристы, офтальмологи"
vtb,category,Здоровье,health,8043,include,"Оптика, оптические товары и очки"
vtb,category,Здоровье,health,8044,include,Оптические товары и очки (TSYS)
vtb,category,Здоровье,health,8049,include,Ортопеды
vtb,category,Здоровье,health,8062,include,Больницы
vtb,category,Здоровье,health,8071,include,Стоматологические и медицинские лаборатории
vtb,category,Здоровье,health,8099,include,"Медицинские работники, медицинские услуги – нигде более не классифицированные"
vtb,category,Кафе и рестораны,restaurants_all,5812,include,"Места общественного питания, рестораны"
vtb,category,Кафе и рестораны,restaurants_all,5811,include,Поставщики провизии
vtb,category,Кафе и рестораны,restaurants_all,5813,include,"Бары, коктейль-бары, дискотеки, ночные клубы и таверны – места продажи алкогольных напитков"
vtb,category,Кафе и рестораны,restaurants_all,5814,include,Фастфуд
vtb,category,Одежда и обувь,clothing,5137,include,"Мужская, женская и детская спецодежда"
vtb,category,Одежда и обувь,clothing,5611,include,"Мужская одежда и аксессуары, включая одежду для мальчиков"
vtb,category,Одежда и обувь,clothing,5621,include,Готовая женская одежда
vtb,category,Одежда и обувь,clothing,5651,include,Одежда для всей семьи
vtb,category,Одежда и обувь,clothing,5691,include,Магазины мужской и женской одежды
vtb,category,Одежда и обувь,clothing,5699,include,Различные магазины одежды и аксессуаров
vtb,category,Одежда и обувь,clothing,5931,include,"Секонд-хенды, магазины б/у товаров, комиссионки"
vtb,category,Одежда и обувь,clothing,5681,include,Изготовление и продажа меховых изделий
vtb,category,Одежда и обувь,clothing,5948,include,"Магазины кожаных изделий, дорожных принадлежностей"
vtb,category,Одежда и обувь,clothing,5139,include,Спец-обувь
vtb,category,Одежда и обувь,clothing,5661,include,Обувные магазины
vtb,category,Одежда и обувь,clothing,5631,include,Аксессуары для женщин
vtb,category,Детские товары,kids,5945,include,"Игрушки, игры и хобби-товары"
vtb,category,Детские товары,kids,5641,include,"Детская одежда, включая одежду для самых маленьких"
vtb,category,Транспорт,transport,4111,include,"Пассажирские перевозки - пригородные и местные пригородные рейсы, включая паромы"
vtb,category,Транспорт,transport,4131,include,Автобусные линии
vtb,category,Транспорт,transport,4789,include,Услуги пассажирских перевозок – нигде более не классифицированные
vtb,category,Такси,taxi,4121,include,Лимузины и такси
vtb,category,Аренда авто,car_rental,3351,include, Affiliated Auto Rental
vtb,category,Аренда авто,car_rental,3352,include, American Intl Rent-a-car
vtb,category,Аренда авто,car_rental,3353,include, Brooks Rent-a-car
vtb,category,Аренда авто,car_rental,3354,include, Action Auto Rental
vtb,category,Аренда авто,car_rental,3355,include,Агентства по аренде автомобилей
vtb,category,Аренда авто,car_rental,3356,include,Агентства по аренде автомобилей
vtb,category,Аренда авто,car_rental,3357,include, Hertz Rent-a-car
vtb,category,Аренда авто,car_rental,3358,include,Агентства по аренде автомобилей
vtb,category,Аренда авто,car_rental,3359,include, Payless Car Rental
vtb,category,Аренда авто,car_rental,3360,include, Snappy Car Rental
vtb,category,Аренда авто,car_rental,3361,include, Airways Rent-a-car
vtb,category,Аренда авто,car_rental,3362,include, Altra Auto Rental
vtb,category,Аренда авто,car_rental,3363,include,Агентства по аренде автомобилей
vtb,category,Аренда авто,car_rental,3364,include, Agency Rent-a-car
vtb,category,Аренда авто,car_rental,3365,include,Агентства по аренде автомобилей
vtb,category,Аренда авто,car_rental,3366,include, Budget Rent-a-car
vtb,category,Аренда авто,car_rental,3367,include,Агентства по аренде автомобилей
vtb,category,Аренда авто,car_rental,3368,include, Holiday Rent-a-wreck
vtb,category,Аренда авто,car_rental,3369,include,Агентства по аренде автомобилей
vtb,category,Аренда авто,car_rental,3370,include, Rent-a-wreck
vtb,category,Аренда авто,car_rental,3371,include,Агентства по аренде автомобилей
vtb,category,Аренда авто,car_rental,3372,include,Агентства по аренде автомобилей
vtb,category,Аренда авто,car_rental,3373,include,Агентства по аренде автомобилей
vtb,category,Аренда авто,car_rental,3374,include,Агентства по аренде автомобилей
vtb,category,Аренда авто,car_rental,3375,include,Агентства по аренде автомобилей
vtb,category,Аренда авто,car_rental,3376,include, Ajax Rent-a-car
vtb,category,Аренда авто,car_rental,3377,include,Агентства по аренде автомобилей
vtb,category,Аренда авто,car_rental,3378,include,Агентства по аренде автомобилей
vtb,category,Аренда авто,car_rental,3379,include,Агентства по аренде автомобилей
vtb,category,Аренда авто,car_rental,3380,include,Агентства по аренде автомобилей
vtb,category,Аренда авто,car_rental,3381,include, Europ Car
vtb,category,Аренда авто,car_rental,3382,include,Агентства по аренде автомобилей
vtb,category,Аренда авто,car_rental,3383,include,Агентства по аренде автомобилей
vtb,category,Аренда авто,car_rental,3384,include,Агентства по аренде автомобилей
vtb,category,Аренда авто,car_rental,3385,include, Tropical Rent-a-car
vtb,category,Аренда авто,car_rental,3386,include, Showcase Rental Cars
vtb,category,Аренда авто,car_rental,3387,include, Alamo Rent-a-car
vtb,category,Аренда авто,car_rental,3388,include,Агентства по аренде автомобилей
vtb,category,Аренда авто,car_rental,3389,include, Avis Rent-a-car
vtb,category,Аренда авто,car_rental,3390,include, Dollar Rent-a-car
vtb,category,Аренда авто,car_rental,3391,include, Europe By Car
vtb,category,Аренда авто,car_rental,3392,include,Агентства по аренде автомобилей
vtb,category,Аренда авто,car_rental,3393,include, National Car Rental
vtb,category,Аренда авто,car_rental,3394,include, Kemwell Group Rent-a-car
vtb,category,Аренда авто,car_rental,3395,include, Thrifty Rent-a-car
vtb,category,Аренда авто,car_rental,3396,include, Tilden Tent-a-car
vtb,category,Аренда авто,car_rental,3397,include,Агентства по аренде автомобилей
vtb,category,Аренда авто,car_rental,3398,include, Econo-car Rent-a-car
vtb,category,Аренда авто,car_rental,3399,include,Amerex Rent-a-Car
vtb,category,Аренда авто,car_rental,3400,include, Auto Host Cost Car Rentals
vtb,category,Аренда авто,car_rental,3401,include,Агентства по аренде автомобилей
vtb,category,Аренда авто,car_rental,3402,include,Агентства по аренде автомобилей
vtb,category,Аренда авто,car_rental,3403,include,Агентства по аренде автомобилей
vtb,category,Аренда авто,car_rental,3404,include,Агентства по аренде автомобилей
vtb,category,Аренда авто,car_rental,3405,include, Enterprise Rent-a-car
vtb,category,Аренда авто,car_rental,3406,include,Агентства по аренде автомобилей
vtb,category,Аренда авто,car_rental,3407,include,Агентства по аренде автомобилей
vtb,category,Аренда авто,car_rental,3408,include,Агентства по аренде автомобилей
vtb,category,Аренда авто,car_rental,3409,include, General Rent-a-car
vtb,category,Аренда авто,car_rental,3410,include,Агентства по аренде автомобилей
vtb,category,Аренда авто,car_rental,3412,include, A-1 Rent-a-car
vtb,category,Аренда авто,car_rental,3413,include,Агентства по аренде автомобилей
vtb,category,Аренда авто,car_rental,3414,include, Godfrey Natl Rent-a-car
vtb,category,Аренда авто,car_rental,3415,include,Агентства по аренде автомобилей
vtb,category,Аренда авто,car_rental,3416,include,Агентства по аренде автомобилей
vtb,category,Аренда авто,car_rental,3417,include,Агентства по аренде автомобилей
vtb,category,Аренда авто,car_rental,3418,include,Агентства по аренде автомобилей
vtb,category,Аренда авто,car_rental,3419,include, Alpha Rent-a-car
vtb,category,Аренда авто,car_rental,3420,include, Ansa Intl Rent-a-car
vtb,category,Аренда авто,car_rental,3421,include, Allstae Rent-a-car
vtb,category,Аренда авто,car_rental,3422,include,Агентства по аренде автомобилей
vtb,category,Аренда авто,car_rental,3423,include, Avcar Rent-a-car
vtb,category,Аренда авто,car_rental,3425,include, Automate Rent-a-car
vtb,category,Аренда авто,car_rental,3426,include,Агентства по аренде автомобилей
vtb,category,Аренда авто,car_rental,3427,include, Avon Rent-a-car
vtb,category,Аренда авто,car_rental,3428,include, Carey Rent-a-car
vtb,category,Аренда авто,car_rental,3429,include, Insurance Rent-a-car
vtb,category,Аренда авто,car_rental,3430,include, Major Rent-a-car
vtb,category,Аренда авто,car_rental,3431,include, Replacement Rent-a-car
vtb,category,Аренда авто,car_rental,3432,include, Reserve Rent-a-car
vtb,category,Аренда авто,car_rental,3433,include, Ugly Duckling Rent-a-car
vtb,category,Аренда авто,car_rental,3434,include, USA Rent-a-car
vtb,category,Аренда авто,car_rental,3435,include, Value Rent-a-car
vtb,category,Аренда авто,car_rental,3436,include, Autohansa Rent-a-car
vtb,category,Аренда авто,car_rental,3437,include, Cite Rent-a-car
vtb,category,Аренда авто,car_rental,3438,include, Interent Rent-a-car
vtb,category,Аренда авто,car_rental,3439,include, Milleville Rent-a-car
vtb,category,Аренда авто,car_rental,3440,include,Via Route Rent-a-Car
vtb,category,Аренда авто,car_rental,3441,include,Агентства по аренде автомобилей
vtb,category,Аренда авто,car_rental,7513,include,Прокат аксессуаров для трэйлеров и грузовиков.
vtb,category,Аренда авто,car_rental,7519,include,"Прокат домиков на колесах, аксессуары к наземному транспорту."
vtb,category,Аренда авто,car_rental,7512,include,Агентства по прокату автомобилей - нигде более не классифицированные
vtb,category,Красота,beauty,5698,include,Парики и накладки из искусственных волос
vtb,category,Красота,beauty,7230,include,Парикмахерские и салоны красоты
vtb,category,Красота,beauty,7297,include,Массажные салоны
vtb,category,Красота,beauty,7298,include,Салоны красоты и здоровья
vtb,category,Красота,beauty,5977,include,Магазины косметики
vtb,category,Электроника,electronics,5997,include,Магазины электрических бритвенных принадлежностей – распродажа и услуги.
vtb,category,Электроника,electronics,5946,include,Магазины фотооборудования и фотоприборов
vtb,category,Электроника,electronics,5044,include,"Офисное, фотографическое, фотокопировальное, и микрофильмирующее оборудование"
vtb,category,Электроника,electronics,5045,include,"Компьютеры, периферийное компьютерное оборудование, программное обеспечение"
vtb,category,Электроника,electronics,5722,include,Бытовое оборудование
vtb,category,Электроника,electronics,5732,include,Продажа электронного оборудования
vtb,category,Авиабилеты,airline,3000,include,United Airlines
vtb,category,Авиабилеты,airline,3001,include,American Airlines
vtb,category,Авиабилеты,airline,3002,include,Pan American
vtb,category,Авиабилеты,airline,3003,include,Eurofly
vtb,category,Авиабилеты,airline,3004,include,Dragonair
vtb,category,Авиабилеты,airline,3005,include,British Airways
vtb,category,Авиабилеты,airline,3006,include,Japan Air Lines
vtb,category,Авиабилеты,airline,3007,include,Air France
vtb,category,Авиабилеты,airline,3008,include,Lufthansa
vtb,category,Авиабилеты,airline,3009,include,Air Canada
vtb,category,Авиабилеты,airline,3010,include,Royal Dutch Airlines
vtb,category,Авиабилеты,airline,3011,include,Аэрофлот
vtb,category,Авиабилеты,airline,3012,include,Qantas
vtb,category,Авиабилеты,airline,3013,include,Alitalia
vtb,category,Авиабилеты,airline,3014,include,Saudi Arabian Airlines
vtb,category,Авиабилеты,airline,3015,include,Swiss International Air Lines
vtb,category,Авиабилеты,airline,3016,include,Scandinavian Airline System
vtb,category,Авиабилеты,airline,3017,include,South African Airways
vtb,category,Авиабилеты,airline,3018,include,Varig (Бразилия)
vtb,category,Авиабилеты,airline,3019,include,"Авиалинии, авиакомпании"
vtb,category,Авиабилеты,airline,3020,include,Air India
vtb,category,Авиабилеты,airline,3021,include,Air Algerie
vtb,category,Авиабилеты,airline,3022,include,Philippine Airlines
vtb,category,Авиабилеты,airline,3023,include,Mexicana
vtb,category,Авиабилеты,airline,3024,include,Pakistan International
vtb,category,Авиабилеты,airline,3025,include,Air New Zealand Limited International
vtb,category,Авиабилеты,airline,3026,include,Emirates Airlines
vtb,category,Авиабилеты,airline,3027,include,Union de Transports Aeriens
vtb,category,Авиабилеты,airline,3028,include,Air Malta
vtb,category,Авиабилеты,airline,3029,include,SN Brussels Airlines
vtb,category,Авиабилеты,airline,3030,include,Aerolineas Argentinas
vtb,category,Авиабилеты,airline,3031,include,Olympic Airways
vtb,category,Авиабилеты,airline,3032,include,El Al
vtb,category,Авиабилеты,airline,3033,include,Ansett Airlines
vtb,category,Авиабилеты,airline,3034,include,Etihad Airways
vtb,category,Авиабилеты,airline,3035,include,Tap (Португалия)
vtb,category,Авиабилеты,airline,3036,include,VASP (Бразилия)
vtb,category,Авиабилеты,airline,3037,include,EgyptAir
vtb,category,Авиабилеты,airline,3038,include,Kuwait Airways
vtb,category,Авиабилеты,airline,3039,include,Avianca
vtb,category,Авиабилеты,airline,3040,include,Gulf Air (Бахрейн)
vtb,category,Авиабилеты,airline,3041,include,Balkan—Bulgarian Airlines
vtb,category,Авиабилеты,airline,3042,include,Finnair
vtb,category,Авиабилеты,airline,3043,include,Aer Lingus
vtb,category,Авиабилеты,airline,3044,include,Air Lanka
vtb,category,Авиабилеты,airline,3045,include,Nigeria Airways
vtb,category,Авиабилеты,airline,3046,include,Cruzeiro do Sul (Бразилия)
vtb,category,Авиабилеты,airline,3047,include,Turkish Airlines
vtb,category,Авиабилеты,airline,3048,include,Royal Air Maroc
vtb,category,Авиабилеты,airline,3049,include,Tunis Air
vtb,category,Авиабилеты,airline,3050,include,Icelandair
vtb,category,Авиабилеты,airline,3051,include,Austrian Airlines
vtb,category,Авиабилеты,airline,3052,include,LAN Airlines
vtb,category,Авиабилеты,airline,3053,include,AVIACO (Испания)
vtb,category,Авиабилеты,airline,3054,include,LADECO (Чили)
vtb,category,Авиабилеты,airline,3055,include,LAB (Боливия)
vtb,category,Авиабилеты,airline,3056,include,Jet Airways
vtb,category,Авиабилеты,airline,3057,include,Virgin America
vtb,category,Авиабилеты,airline,3058,include,Delta
vtb,category,Авиабилеты,airline,3059,include,DBA Airlines
vtb,category,Авиабилеты,airline,3060,include,Northwest Airlines
vtb,category,Авиабилеты,airline,3061,include,Continental
vtb,category,Авиабилеты,airline,3062,include,Hapag-Lloyd Express
vtb,category,Авиабилеты,airline,3063,include,U.S. Airways
vtb,category,Авиабилеты,airline,3064,include,Adria Airways
vtb,category,Авиабилеты,airline,3065,include,Air Inter
vtb,category,Авиабилеты,airline,3066,include,Southwest Airlines
vtb,category,Авиабилеты,airline,3067,include,Vanguard Airlines
vtb,category,Авиабилеты,airline,3068,include,Air Astana
vtb,category,Авиабилеты,airline,3069,include,Sun Country Airlines
vtb,category,Авиабилеты,airline,3071,include,Air British Columbia
vtb,category,Авиабилеты,airline,3072,include,Cebu Pacific
vtb,category,Авиабилеты,airline,3073,include,Air Cal
vtb,category,Авиабилеты,airline,3075,include,Singapore Airlines
vtb,category,Авиабилеты,airline,3076,include,Aeromexico
vtb,category,Авиабилеты,airline,3077,include,Thai Airways
vtb,category,Авиабилеты,airline,3078,include,China Airlines
vtb,category,Авиабилеты,airline,3079,include,Jetstar Airways
vtb,category,Авиабилеты,airline,3081,include,"Авиалинии, авиакомпании"
vtb,category,Авиабилеты,airline,3082,include,Korean Airlines
vtb,category,Авиабилеты,airline,3083,include,Air Afrique
vtb,category,Авиабилеты,airline,3084,include,Eva Airways
vtb,category,Авиабилеты,airline,3085,include,Midwest Express Airlines
vtb,category,Авиабилеты,airline,3086,include,Carnival Airlines
vtb,category,Авиабилеты,airline,3087,include,Metro Airlines
vtb,category,Авиабилеты,airline,3088,include,Croatia Air
vtb,category,Авиабилеты,airline,3089,include,Transaero
vtb,category,Авиабилеты,airline,3090,include,Uni Airways
vtb,category,Авиабилеты,airline,3092,include,Midway Airlines
vtb,category,Авиабилеты,airline,3093,include,"Авиалинии, авиакомпании"
vtb,category,Авиабилеты,airline,3094,include,Zambia Airways
vtb,category,Авиабилеты,airline,3095,include,"Авиалинии, авиакомпании"
vtb,category,Авиабилеты,airline,3096,include,Air Zimbabwe
vtb,category,Авиабилеты,airline,3097,include,Spanair
vtb,category,Авиабилеты,airline,3098,include,Asiana Airlines
vtb,category,Авиабилеты,airline,3099,include,Cathay Pacific
vtb,category,Авиабилеты,airline,3100,include,Malaysian Airline System
vtb,category,Авиабилеты,airline,3101,include,"Авиалинии, авиакомпании"
vtb,category,Авиабилеты,airline,3102,include,Iberia
vtb,category,Авиабилеты,airline,3103,include,Garuda (Индонезия)
vtb,category,Авиабилеты,airline,3104,include,"Авиалинии, авиакомпании"
vtb,category,Авиабилеты,airline,3105,include,"Авиалинии, авиакомпании"
vtb,category,Авиабилеты,airline,3106,include,Braathens S.A.F.E. (Норвегия)
vtb,category,Авиабилеты,airline,3107,include,"Авиалинии, авиакомпании"
vtb,category,Авиабилеты,airline,3109,include,"Авиалинии, авиакомпании"
vtb,category,Авиабилеты,airline,3110,include,"Авиалинии, авиакомпании"
vtb,category,Авиабилеты,airline,3111,include,British Midland
vtb,category,Авиабилеты,airline,3112,include,Windward Island
vtb,category,Авиабилеты,airline,3113,include,"Авиалинии, авиакомпании"
vtb,category,Авиабилеты,airline,3114,include,"Авиалинии, авиакомпании"
vtb,category,Авиабилеты,airline,3115,include,"Авиалинии, авиакомпании"
vtb,category,Авиабилеты,airline,3116,include,"Авиалинии, авиакомпании"
vtb,category,Авиабилеты,airline,3117,include,Venezolana International de Aviacion
vtb,category,Авиабилеты,airline,3118,include,"Авиалинии, авиакомпании"
vtb,category,Авиабилеты,airline,3119,include,"Авиалинии, авиакомпании"
vtb,category,Авиабилеты,airline,3120,include,"Авиалинии, авиакомпании"
vtb,category,Авиабилеты,airline,3121,include,"Авиалинии, авиакомпании"
vtb,category,Авиабилеты,airline,3122,include,"Авиалинии, авиакомпании"
vtb,category,Авиабилеты,airline,3123,include,"Авиалинии, авиакомпании"
vtb,category,Авиабилеты,airline,3124,include,"Авиалинии, авиакомпании"
vtb,category,Авиабилеты,airline,3125,include,Tan Airlines
vtb,category,Авиабилеты,airline,3126,include,"Авиалинии, авиакомпании"
vtb,category,Авиабилеты,airline,3127,include,Taca International
vtb,category,Авиабилеты,airline,3128,include,"Авиалинии, авиакомпании"
vtb,category,Авиабилеты,airline,3129,include,Surinam Airways
vtb,category,Авиабилеты,airline,3130,include,Sunworld International Airways
vtb,category,Авиабилеты,airline,3131,include,VLM Airlines
vtb,category,Авиабилеты,airline,3132,include,Frontier Airlines
vtb,category,Авиабилеты,airline,3133,include,"Авиалинии, авиакомпании"
vtb,category,Авиабилеты,airline,3134,include,"Авиалинии, авиакомпании"
vtb,category,Авиабилеты,airline,3135,include,"Авиалинии, авиакомпании"
vtb,category,Авиабилеты,airline,3136,include,Qatar Airways Company W.L.L.
vtb,category,Авиабилеты,airline,3137,include,"Авиалинии, авиакомпании"
vtb,category,Авиабилеты,airline,3138,include,"Авиалинии, авиакомпании"
vtb,category,Авиабилеты,airline,3139,include,"Авиалинии, авиакомпании"
vtb,category,Авиабилеты,airline,3140,include,"Авиалинии, авиакомпании"
vtb,category,Авиабилеты,airline,3141,include,"Авиалинии, авиакомпании"
vtb,category,Авиабилеты,airline,3142,include,"Авиалинии, авиакомпании"
vtb,category,Авиабилеты,airline,3143,include,"Авиалинии, авиакомпании"
vtb,category,Авиабилеты,airline,3144,include,Virgin Atlantic
vtb,category,Авиабилеты,airline,3145,include,"Авиалинии, авиакомпании"
vtb,category,Авиабилеты,airline,3146,include,Luxair
vtb,category,Авиабилеты,airline,3147,include,"Авиалинии, авиакомпании"
vtb,category,Авиабилеты,airline,3148,include,"Air Littoral, S.A."
vtb,category,Авиабилеты,airline,3150,include,"Авиалинии, авиакомпании"
vtb,category,Авиабилеты,airline,3151,include,Air Zaire
vtb,category,Авиабилеты,airline,3152,include,"Авиалинии, авиакомпании"
vtb,category,Авиабилеты,airline,3153,include,"Авиалинии, авиакомпании"
vtb,category,Авиабилеты,airline,3154,include,"Авиалинии, авиакомпании"
vtb,category,Авиабилеты,airline,3155,include,"Авиалинии, авиакомпании"
vtb,category,Авиабилеты,airline,3156,include,GO FLY Ltd.
vtb,category,Авиабилеты,airline,3157,include,"Авиалинии, авиакомпании"
vtb,category,Авиабилеты,airline,3158,include,"Авиалинии, авиакомпании"
vtb,category,Авиабилеты,airline,3159,include,Provincetown-Boston Airways
vtb,category,Авиабилеты,airline,3160,include,"Авиалинии, авиакомпании"
vtb,category,Авиабилеты,airline,3161,include,All Nippon Airways
vtb,category,Авиабилеты,airline,3162,include,"Авиалинии, авиакомпании"
vtb,category,Авиабилеты,airline,3163,include,"Авиалинии, авиакомпании"
vtb,category,Авиабилеты,airline,3164,include,Norontair
vtb,category,Авиабилеты,airline,3165,include,"Авиалинии, авиакомпании"
vtb,category,Авиабилеты,airline,3166,include,"Авиалинии, авиакомпании"
vtb,category,Авиабилеты,airline,3167,include,Aero Continente
vtb,category,Авиабилеты,airline,3168,include,"Авиалинии, авиакомпании"
vtb,category,Авиабилеты,airline,3169,include,Riyadh Air
vtb,category,Авиабилеты,airline,3170,include,"Авиалинии, авиакомпании"
vtb,category,Авиабилеты,airline,3171,include,Canadian Airlines
vtb,category,Авиабилеты,airline,3172,include,Nation Air
vtb,category,Авиабилеты,airline,3173,include,"Авиалинии, авиакомпании"
vtb,category,Авиабилеты,airline,3174,include,JetBlue Airways
vtb,category,Авиабилеты,airline,3175,include,Middle East Air
vtb,category,Авиабилеты,airline,3176,include,"Авиалинии, авиакомпании"
vtb,category,Авиабилеты,airline,3177,include,AirTran Airways
vtb,category,Авиабилеты,airline,3178,include,Mesa Air
vtb,category,Авиабилеты,airline,3179,include,"Авиалинии, авиакомпании"
vtb,category,Авиабилеты,airline,3180,include,Westjet Airlines
vtb,category,Авиабилеты,airline,3181,include,Malev Hungarian Airlines
vtb,category,Авиабилеты,airline,3182,include,LOT – Polish Airlines
vtb,category,Авиабилеты,airline,3183,include,Oman Aviation Services
vtb,category,Авиабилеты,airline,3184,include,LIAT
vtb,category,Авиабилеты,airline,3185,include,LAV Linea Aeropostal Venezolana
vtb,category,Авиабилеты,airline,3186,include,LAP Lineas Aereas Paraguayas
vtb,category,Авиабилеты,airline,3187,include,LACSA (Коста Рика)
vtb,category,Авиабилеты,airline,3188,include,Virgin Express
vtb,category,Авиабилеты,airline,3189,include,"Авиалинии, авиакомпании"
vtb,category,Авиабилеты,airline,3190,include,Jugoslav Air
vtb,category,Авиабилеты,airline,3191,include,Island Airlines
vtb,category,Авиабилеты,airline,3192,include,"Авиалинии, авиакомпании"
vtb,category,Авиабилеты,airline,3193,include,Indian Airlines
vtb,category,Авиабилеты,airline,3194,include,"Авиалинии, авиакомпании"
vtb,category,Авиабилеты,airline,3195,include,"Авиалинии, авиакомпании"
vtb,category,Авиабилеты,airline,3196,include,Hawaiian Air
vtb,category,Авиабилеты,airline,3197,include,Havasu Airlines
vtb,category,Авиабилеты,airline,3198,include,"Авиалинии, авиакомпании"
vtb,category,Авиабилеты,airline,3199,include,Servicios Aereos Militares
vtb,category,Авиабилеты,airline,3200,include,Guyana Airways
vtb,category,Авиабилеты,airline,3201,include,"Авиалинии, авиакомпании"
vtb,category,Авиабилеты,airline,3202,include,"Авиалинии, авиакомпании"
vtb,category,Авиабилеты,airline,3203,include,"Авиалинии, авиакомпании"
vtb,category,Авиабилеты,airline,3204,include,Freedom Airlines
vtb,category,Авиабилеты,airline,3205,include,"Авиалинии, авиакомпании"
vtb,category,Авиабилеты,airline,3206,include,China Eastern Airlines
vtb,category,Авиабилеты,airline,3207,include,"Авиалинии, авиакомпании"
vtb,category,Авиабилеты,airline,3208,include,"Авиалинии, авиакомпании"
vtb,category,Авиабилеты,airline,3209,include,"Авиалинии, авиакомпании"
vtb,category,Авиабилеты,airline,3210,include,"Авиалинии, авиакомпании"
vtb,category,Авиабилеты,airline,3211,include,Norwegian Air Shuttle
vtb,category,Авиабилеты,airline,3212,include,Dominicana de Aviacion
vtb,category,Авиабилеты,airline,3213,include,Braathens Regional Airlines
vtb,category,Авиабилеты,airline,3214,include,"Авиалинии, авиакомпании"
vtb,category,Авиабилеты,airline,3215,include,"Авиалинии, авиакомпании"
vtb,category,Авиабилеты,airline,3216,include,"Авиалинии, авиакомпании"
vtb,category,Авиабилеты,airline,3217,include,CSA Ceskoslovenske Aerolinie
vtb,category,Авиабилеты,airline,3218,include,"Авиалинии, авиакомпании"
vtb,category,Авиабилеты,airline,3219,include,Compania Panamena de Aviacion
vtb,category,Авиабилеты,airline,3220,include,Compania Faucett
vtb,category,Авиабилеты,airline,3221,include,Transportes Aeros Militares Ecuatorianos
vtb,category,Авиабилеты,airline,3222,include,Command Airways
vtb,category,Авиабилеты,airline,3223,include,Comair
vtb,category,Авиабилеты,airline,3224,include,"Авиалинии, авиакомпании"
vtb,category,Авиабилеты,airline,3225,include,"Авиалинии, авиакомпании"
vtb,category,Авиабилеты,airline,3226,include,Skyways
vtb,category,Авиабилеты,airline,3227,include,"Авиалинии, авиакомпании"
vtb,category,Авиабилеты,airline,3228,include,Cayman Airways
vtb,category,Авиабилеты,airline,3229,include,SAETA (Sociedad Ecuatorianas De Transportes Aereo)
vtb,category,Авиабилеты,airline,3230,include,"Авиалинии, авиакомпании"
vtb,category,Авиабилеты,airline,3231,include,SAHSA (Servicio Aero de Honduras)
vtb,category,Авиабилеты,airline,3232,include,"Авиалинии, авиакомпании"
vtb,category,Авиабилеты,airline,3233,include,"Авиалинии, авиакомпании"
vtb,category,Авиабилеты,airline,3234,include,Caribbean Airlines
vtb,category,Авиабилеты,airline,3235,include,"Авиалинии, авиакомпании"
vtb,category,Авиабилеты,airline,3236,include,Air Arabia Airline
vtb,category,Авиабилеты,airline,3237,include,"Авиалинии, авиакомпании"
vtb,category,Авиабилеты,airline,3238,include,"Авиалинии, авиакомпании"
vtb,category,Авиабилеты,airline,3239,include,Bar Harbor Airlines
vtb,category,Авиабилеты,airline,3240,include,Bahamasair
vtb,category,Авиабилеты,airline,3241,include,Aviateca (Гватемала)
vtb,category,Авиабилеты,airline,3242,include,Avensa
vtb,category,Авиабилеты,airline,3243,include,Austrian Air Service
vtb,category,Авиабилеты,airline,3244,include,"Авиалинии, авиакомпании"
vtb,category,Авиабилеты,airline,3245,include,EasyJet
vtb,category,Авиабилеты,airline,3246,include,Ryanair
vtb,category,Авиабилеты,airline,3247,include,Gol Airlines
vtb,category,Авиабилеты,airline,3248,include,Tam Airlines
vtb,category,Авиабилеты,airline,3249,include,"Авиалинии, авиакомпании"
vtb,category,Авиабилеты,airline,3250,include,"Авиалинии, авиакомпании"
vtb,category,Авиабилеты,airline,3251,include,"Авиалинии, авиакомпании"
vtb,category,Авиабилеты,airline,3252,include,ALM Antilean Airlines
vtb,category,Авиабилеты,airline,3253,include,America West
vtb,category,Авиабилеты,airline,3254,include,Trump Airline
vtb,category,Авиабилеты,airline,3256,include,Alaska Airlines Inc.
vtb,category,Авиабилеты,airline,3257,include,"Авиалинии, авиакомпании"
vtb,category,Авиабилеты,airline,3258,include,"Авиалинии, авиакомпании"
vtb,category,Авиабилеты,airline,3259,include,"Авиалинии, авиакомпании"
vtb,category,Авиабилеты,airline,3260,include,Spirit Airlines
vtb,category,Авиабилеты,airline,3261,include,Air China
vtb,category,Авиабилеты,airline,3262,include,"Авиалинии, авиакомпании"
vtb,category,Авиабилеты,airline,3263,include,Aero Servicio Carabobo
vtb,category,Авиабилеты,airline,3264,include,"Авиалинии, авиакомпании"
vtb,category,Авиабилеты,airline,3265,include,"Авиалинии, авиакомпании"
vtb,category,Авиабилеты,airline,3266,include,Air Seychelles
vtb,category,Авиабилеты,airline,3267,include,Air Panama International
vtb,category,Авиабилеты,airline,3268,include,"Авиалинии, авиакомпании"
vtb,category,Авиабилеты,airline,3270,include,"Авиалинии, авиакомпании"
vtb,category,Авиабилеты,airline,3274,include,"Авиалинии, авиакомпании"
vtb,category,Авиабилеты,airline,3275,include,"Авиалинии, авиакомпании"
vtb,category,Авиабилеты,airline,3276,include,"Авиалинии, авиакомпании"
vtb,category,Авиабилеты,airline,3277,include,"Авиалинии, авиакомпании"
vtb,category,Авиабилеты,airline,3278,include,"Авиалинии, авиакомпании"
vtb,category,Авиабилеты,airline,3279,include,"Авиалинии, авиакомпании"
vtb,category,Авиабилеты,airline,3280,include,Air Jamaica
vtb,category,Авиабилеты,airline,3281,include,"Авиалинии, авиакомпании"
vtb,category,Авиабилеты,airline,3282,include,Air Djibouti
vtb,category,Авиабилеты,airline,3283,include,"Авиалинии, авиакомпании"
vtb,category,Авиабилеты,airline,3284,include,"Авиалинии, авиакомпании"
vtb,category,Авиабилеты,airline,3285,include,Aero Peru
vtb,category,Авиабилеты,airline,3286,include,Aero Nicaraguenses
vtb,category,Авиабилеты,airline,3287,include,Aero Coach Aviation
vtb,category,Авиабилеты,airline,3288,include,"Авиалинии, авиакомпании"
vtb,category,Авиабилеты,airline,3289,include,"Авиалинии, авиакомпании"
vtb,category,Авиабилеты,airline,3290,include,"Авиалинии, авиакомпании"
vtb,category,Авиабилеты,airline,3291,include,"Авиалинии, авиакомпании"
vtb,category,Авиабилеты,airline,3292,include,Cyprus Airways
vtb,category,Авиабилеты,airline,3293,include,Ecuatoriana
vtb,category,Авиабилеты,airline,3294,include,Ethiopian Airlines
vtb,category,Авиабилеты,airline,3295,include,Kenya Airways
vtb,category,Авиабилеты,airline,3296,include,Air Berlin
vtb,category,Авиабилеты,airline,3297,include,Tarom Romanian Air Transport
vtb,category,Авиабилеты,airline,3298,include,Air Mauritius
vtb,category,Авиабилеты,airline,3299,include,Wideroes Flyveselskap
vtb,category,Авиабилеты,airline,3300,include,Azul Air
vtb,category,Авиабилеты,airline,3301,include,Wizz Air
vtb,category,Авиабилеты,airline,4582,include,"Аэропорты, терминалы аэропортов, лётные поля"
vtb,category,Duty Free,duty_free,5309,include,Беспошлинные магазины Duty Free
vtb,category,Отели,hotels,3501,include,Holiday Inns
vtb,category,Отели,hotels,3502,include,Best Western Hotels
vtb,category,Отели,hotels,3503,include,Sheraton Hotels
vtb,category,Отели,hotels,3504,include,Hilton Hotels
vtb,category,Отели,hotels,3505,include,Forte Hotels
vtb,category,Отели,hotels,3506,include,Golden Tulip Hotels
vtb,category,Отели,hotels,3507,include,Friendship Inns
vtb,category,Отели,hotels,3508,include,Quality Inns
vtb,category,Отели,hotels,3509,include,Marriott Hotels
vtb,category,Отели,hotels,3510,include,Days Inn
vtb,category,Отели,hotels,3511,include,Arabella Hotels
vtb,category,Отели,hotels,3512,include,Inter-continental Hotels
vtb,category,Отели,hotels,3513,include,Westin Hotels
vtb,category,Отели,hotels,3514,include,"Отели, мотели, курорты"
vtb,category,Отели,hotels,3515,include,Rodeway Inns
vtb,category,Отели,hotels,3516,include,La Quinta Motor Inns
vtb,category,Отели,hotels,3517,include,Americana Hotels
vtb,category,Отели,hotels,3518,include,Sol Hotels
vtb,category,Отели,hotels,3519,include,Pullman International Hotels
vtb,category,Отели,hotels,3520,include,Meridien Hotels
vtb,category,Отели,hotels,3521,include,Crest Hotels (see Forte Hotels)
vtb,category,Отели,hotels,3522,include,Tokyo Hotel
vtb,category,Отели,hotels,3523,include,Pennsula Hotel
vtb,category,Отели,hotels,3524,include,Welcomgroup Hotels
vtb,category,Отели,hotels,3525,include,Dunfey Hotels
vtb,category,Отели,hotels,3526,include,"Отели, мотели, курорты"
vtb,category,Отели,hotels,3527,include,Downtowner-passport Hotel
vtb,category,Отели,hotels,3528,include,Red Lion Hotels
vtb,category,Отели,hotels,3529,include,Cp Hotels
vtb,category,Отели,hotels,3530,include,Renaissance Hotels
vtb,category,Отели,hotels,3531,include,Astir Hotels
vtb,category,Отели,hotels,3532,include,Sun Route Hotels
vtb,category,Отели,hotels,3533,include,Hotel Ibis
vtb,category,Отели,hotels,3534,include,Southern Pacific Hotels
vtb,category,Отели,hotels,3535,include,Hilton International
vtb,category,Отели,hotels,3536,include,Amfac Hotels
vtb,category,Отели,hotels,3537,include,Ana Hotel
vtb,category,Отели,hotels,3538,include,Concorde Hotels
vtb,category,Отели,hotels,3539,include,"Отели, мотели, курорты"
vtb,category,Отели,hotels,3540,include,Iberotel Hotels
vtb,category,Отели,hotels,3541,include,Hotel Okura
vtb,category,Отели,hotels,3542,include,Royal Hotels
vtb,category,Отели,hotels,3543,include,Four Seasons Hotels
vtb,category,Отели,hotels,3544,include,Ciga Hotels
vtb,category,Отели,hotels,3545,include,Shangri-la International
vtb,category,Отели,hotels,3546,include,"Отели, мотели, курорты"
vtb,category,Отели,hotels,3547,include,"Отели, мотели, курорты"
vtb,category,Отели,hotels,3548,include,Hoteles Melia
vtb,category,Отели,hotels,3549,include,Auberge Des Governeurs
vtb,category,Отели,hotels,3550,include,Regal 8 Inns
vtb,category,Отели,hotels,3551,include,"Отели, мотели, курорты"
vtb,category,Отели,hotels,3552,include,Coast Hotels
vtb,category,Отели,hotels,3553,include,Park Inns International
vtb,category,Отели,hotels,3554,include,"Отели, мотели, курорты"
vtb,category,Отели,hotels,3555,include,"Отели, мотели, курорты"
vtb,category,Отели,hotels,3556,include,"Отели, мотели, курорты"
vtb,category,Отели,hotels,3557,include,"Отели, мотели, курорты"
vtb,category,Отели,hotels,3558,include,Jolly Hotels
vtb,category,Отели,hotels,3559,include,"Отели, мотели, курорты"
vtb,category,Отели,hotels,3560,include,"Отели, мотели, курорты"
vtb,category,Отели,hotels,3561,include,"Отели, мотели, курорты"
vtb,category,Отели,hotels,3562,include,Comfort Inns
vtb,category,Отели,hotels,3563,include,Journey’s End Motls
vtb,category,Отели,hotels,3564,include,"Отели, мотели, курорты"
vtb,category,Отели,hotels,3565,include,Relax Inns
vtb,category,Отели,hotels,3566,include,"Отели, мотели, курорты"
vtb,category,Отели,hotels,3567,include,"Отели, мотели, курорты"
vtb,category,Отели,hotels,3568,include,Ladbroke Hotels
vtb,category,Отели,hotels,3569,include,"Отели, мотели, курорты"
vtb,category,Отели,hotels,3570,include,Forum Hotels
vtb,category,Отели,hotels,3571,include,"Отели, мотели, курорты"
vtb,category,Отели,hotels,3572,include,Miyako Hotels
vtb,category,Отели,hotels,3573,include,Sandman Hotels
vtb,category,Отели,hotels,3574,include,Venture Inns
vtb,category,Отели,hotels,3575,include,Vagabond Hotels
vtb,category,Отели,hotels,3576,include,"Отели, мотели, курорты"
vtb,category,Отели,hotels,3577,include,Mandarin Oriental Hotel
vtb,category,Отели,hotels,3578,include,"Отели, мотели, курорты"
vtb,category,Отели,hotels,3579,include,Hotel Mercure
vtb,category,Отели,hotels,3580,include,"Отели, мотели, курорты"
vtb,category,Отели,hotels,3581,include,Delta Hotel
vtb,category,Отели,hotels,3582,include,"Отели, мотели, курорты"
vtb,category,Отели,hotels,3583,include,Sas Hotels
vtb,category,Отели,hotels,3584,include,Princess Hotels International
vtb,category,Отели,hotels,3585,include,Hungar Hotels
vtb,category,Отели,hotels,3586,include,Sokos Hotels
vtb,category,Отели,hotels,3587,include,Doral Hotels
vtb,category,Отели,hotels,3588,include,Helmsley Hotels
vtb,category,Отели,hotels,3589,include,"Отели, мотели, курорты"
vtb,category,Отели,hotels,3590,include,Fairmont Hotels
vtb,category,Отели,hotels,3591,include,Sonesta Hotels
vtb,category,Отели,hotels,3592,include,Omni Hotels
vtb,category,Отели,hotels,3593,include,Cunard Hotels
vtb,category,Отели,hotels,3594,include,"Отели, мотели, курорты"
vtb,category,Отели,hotels,3595,include,Hospitality International
vtb,category,Отели,hotels,3596,include,"Отели, мотели, курорты"
vtb,category,Отели,hotels,3597,include,"Отели, мотели, курорты"
vtb,category,Отели,hotels,3598,include,Regent International Hotels
vtb,category,Отели,hotels,3599,include,Pannonia Hotels
vtb,category,Отели,hotels,3600,include,"Отели, мотели, курорты"
vtb,category,Отели,hotels,3601,include,"Отели, мотели, курорты"
vtb,category,Отели,hotels,3602,include,"Отели, мотели, курорты"
vtb,category,Отели,hotels,3603,include,Noah’s Hotels
vtb,category,Отели,hotels,3604,include,"Отели, мотели, курорты"
vtb,category,Отели,hotels,3605,include,"Отели, мотели, курорты"
vtb,category,Отели,hotels,3606,include,"Отели, мотели, курорты"
vtb,category,Отели,hotels,3607,include,"Отели, мотели, курорты"
vtb,category,Отели,hotels,3608,include,"Отели, мотели, курорты"
vtb,category,Отели,hotels,3609,include,"Отели, мотели, курорты"
vtb,category,Отели,hotels,3610,include,"Отели, мотели, курорты"
vtb,category,Отели,hotels,3611,include,"Отели, мотели, курорты"
vtb,category,Отели,hotels,3612,include,Movenpick Hotels
vtb,category,Отели,hotels,3613,include,"Отели, мотели, курорты"
vtb,category,Отели,hotels,3614,include,"Отели, мотели, курорты"
vtb,category,Отели,hotels,3615,include,Travelodge
vtb,category,Отели,hotels,3616,include,"Отели, мотели, курорты"
vtb,category,Отели,hotels,3617,include,"Отели, мотели, курорты"
vtb,category,Отели,hotels,3618,include,"Отели, мотели, курорты"
vtb,category,Отели,hotels,3619,include,"Отели, мотели, курорты"
vtb,category,Отели,hotels,3620,include,Telford International
vtb,category,Отели,hotels,3621,include,"Отели, мотели, курорты"
vtb,category,Отели,hotels,3622,include,Merlin Hotels
vtb,category,Отели,hotels,3623,include,Dorint Hotels
vtb,category,Отели,hotels,3624,include,"Отели, мотели, курорты"
vtb,category,Отели,hotels,3625,include,Hotle Universale
vtb,category,Отели,hotels,3626,include,Prince Hotels
vtb,category,Отели,hotels,3627,include,"Отели, мотели, курорты"
vtb,category,Отели,hotels,3628,include,"Отели, мотели, курорты"
vtb,category,Отели,hotels,3629,include,Dan Hotels
vtb,category,Отели,hotels,3630,include,"Отели, мотели, курорты"
vtb,category,Отели,hotels,3631,include,"Отели, мотели, курорты"
vtb,category,Отели,hotels,3632,include,"Отели, мотели, курорты"
vtb,category,Отели,hotels,3633,include,Rank Hotels
vtb,category,Отели,hotels,3634,include,Swissotel
vtb,category,Отели,hotels,3635,include,Reso Hotels
vtb,category,Отели,hotels,3636,include,Sarova Hotels
vtb,category,Отели,hotels,3637,include,Ramada Inns
vtb,category,Отели,hotels,3638,include,Ho Jo Inn
vtb,category,Отели,hotels,3639,include,Mount Charlotte Thistle
vtb,category,Отели,hotels,3640,include,Hyatt Hotel
vtb,category,Отели,hotels,3641,include,Sofitel Hotels
vtb,category,Отели,hotels,3642,include,Novotel Hotels
vtb,category,Отели,hotels,3643,include,Steigenberger Hotels
vtb,category,Отели,hotels,3644,include,Econo Lodges
vtb,category,Отели,hotels,3645,include,Queens Moat Houses
vtb,category,Отели,hotels,3646,include,Swallow Hotels
vtb,category,Отели,hotels,3647,include,Husa Hotels
vtb,category,Отели,hotels,3648,include,De Vere Hotels
vtb,category,Отели,hotels,3649,include,Radisson Hotels
vtb,category,Отели,hotels,3650,include,Red Rook Inns
vtb,category,Отели,hotels,3651,include,Imperial London Hotel
vtb,category,Отели,hotels,3652,include,Embassy Hotels
vtb,category,Отели,hotels,3653,include,Penta Hotels
vtb,category,Отели,hotels,3654,include,Loews Hotels
vtb,category,Отели,hotels,3655,include,Scandic Hotels
vtb,category,Отели,hotels,3656,include,Sara Hotels
vtb,category,Отели,hotels,3657,include,Oberoi Hotels
vtb,category,Отели,hotels,3658,include,Otani Hotels
vtb,category,Отели,hotels,3659,include,Taj Hotels International
vtb,category,Отели,hotels,3660,include,Knights Inns
vtb,category,Отели,hotels,3661,include,Metropole Hotels
vtb,category,Отели,hotels,3662,include,"Отели, мотели, курорты"
vtb,category,Отели,hotels,3663,include,Hoteles El Presidents
vtb,category,Отели,hotels,3664,include,Flag Inn
vtb,category,Отели,hotels,3665,include,Hampton Inns
vtb,category,Отели,hotels,3666,include,Stakis Hotels
vtb,category,Отели,hotels,3667,include,"Отели, мотели, курорты"
vtb,category,Отели,hotels,3668,include,Maritim Hotels
vtb,category,Отели,hotels,3669,include,"Отели, мотели, курорты"
vtb,category,Отели,hotels,3670,include,Arcard Hotels
vtb,category,Отели,hotels,3671,include,Arctia Hotels
vtb,category,Отели,hotels,3672,include,Campaniel Hotels
vtb,category,Отели,hotels,3673,include,Ibusz Hotels
vtb,category,Отели,hotels,3674,include,Rantasipi Hotels
vtb,category,Отели,hotels,3675,include,Interhotel Cedok
vtb,category,Отели,hotels,3676,include,"Отели, мотели, курорты"
vtb,category,Отели,hotels,3677,include,Climat De France Hotels
vtb,category,Отели,hotels,3678,include,Cumulus Hotels
vtb,category,Отели,hotels,3679,include,Danubius Hotel
vtb,category,Отели,hotels,3680,include,"Отели, мотели, курорты"
vtb,category,Отели,hotels,3681,include,Adams Mark Hotels
vtb,category,Отели,hotels,3682,include,Allstar Inns
vtb,category,Отели,hotels,3683,include,"Отели, мотели, курорты"
vtb,category,Отели,hotels,3684,include,Budget Host Inns
vtb,category,Отели,hotels,3685,include,Budgetel Hotels
vtb,category,Отели,hotels,3686,include,Suisse Chalets
vtb,category,Отели,hotels,3687,include,Clarion Hotels
vtb,category,Отели,hotels,3688,include,Compri Hotels
vtb,category,Отели,hotels,3689,include,Consort Hotels
vtb,category,Отели,hotels,3690,include,Courtyard By Marriott
vtb,category,Отели,hotels,3691,include,Dillion Inns
vtb,category,Отели,hotels,3692,include,Doubletree Hotels
vtb,category,Отели,hotels,3693,include,Drury Inns
vtb,category,Отели,hotels,3694,include,Economy Inns Of America
vtb,category,Отели,hotels,3695,include,Embassy Suites
vtb,category,Отели,hotels,3696,include,Exel Inns
vtb,category,Отели,hotels,3697,include,Farfield Hotels
vtb,category,Отели,hotels,3698,include,Harley Hotels
vtb,category,Отели,hotels,3699,include,Midway Motor Lodge
vtb,category,Отели,hotels,3700,include,Motel 6
vtb,category,Отели,hotels,3701,include,Guest Quarters (formally Pickett Suite Hotels)
vtb,category,Отели,hotels,3702,include,The Registry Hotels
vtb,category,Отели,hotels,3703,include,Residence Inns
vtb,category,Отели,hotels,3704,include,Royce Hotels
vtb,category,Отели,hotels,3705,include,Sandman Inns
vtb,category,Отели,hotels,3706,include,Shilo Inns
vtb,category,Отели,hotels,3707,include,Shoney’s Inns
vtb,category,Отели,hotels,3708,include,"Отели, мотели, курорты"
vtb,category,Отели,hotels,3709,include,Super8 Motels
vtb,category,Отели,hotels,3710,include,The Ritz Carlton Hotels
vtb,category,Отели,hotels,3711,include,Flag Inns (Ausralia)
vtb,category,Отели,hotels,3712,include,Golden Chain Hotel
vtb,category,Отели,hotels,3713,include,Quality Pacific Hotel
vtb,category,Отели,hotels,3714,include,Four Seasons Hotel (Australia)
vtb,category,Отели,hotels,3715,include,Farifield Inn
vtb,category,Отели,hotels,3716,include,Carlton Hotels
vtb,category,Отели,hotels,3717,include,City Lodge Hotels
vtb,category,Отели,hotels,3718,include,Karos Hotels
vtb,category,Отели,hotels,3719,include,Protea Hotels
vtb,category,Отели,hotels,3720,include,Southern Sun Hotels
vtb,category,Отели,hotels,3721,include,Hilton Conrad
vtb,category,Отели,hotels,3722,include,Wyndham Hotel And Resorts
vtb,category,Отели,hotels,3723,include,Rica Hotels
vtb,category,Отели,hotels,3724,include,Iner Nor Hotels
vtb,category,Отели,hotels,3725,include,Seaines Planation
vtb,category,Отели,hotels,3726,include,Rio Suites
vtb,category,Отели,hotels,3727,include,Broadmoor Hotel
vtb,category,Отели,hotels,3728,include,Bally’s Hotel And Casino
vtb,category,Отели,hotels,3729,include,John Ascuaga’s Nugget
vtb,category,Отели,hotels,3730,include,Mgm Grand Hotel
vtb,category,Отели,hotels,3731,include,Harrah’s Hotels And Casinos
vtb,category,Отели,hotels,3732,include,Opryland Hotel
vtb,category,Отели,hotels,3733,include,Boca Raton Resort
vtb,category,Отели,hotels,3734,include,Harvey/bristol Hotels
vtb,category,Отели,hotels,3735,include,"Отели, мотели, курорты"
vtb,category,Отели,hotels,3736,include,Colorado Belle/Edgewater Resort
vtb,category,Отели,hotels,3737,include,Riviera Hotel And Casino
vtb,category,Отели,hotels,3738,include,Tropicana Resort And Casino
vtb,category,Отели,hotels,3739,include,Woodside Hotels And Resorts
vtb,category,Отели,hotels,3740,include,Townplace Suites
vtb,category,Отели,hotels,3741,include,Millenium Broadway Hotel
vtb,category,Отели,hotels,3742,include,Club Med
vtb,category,Отели,hotels,3743,include,Biltmore Hotel And Suites
vtb,category,Отели,hotels,3744,include,Carefree Resorts
vtb,category,Отели,hotels,3745,include,St. Regis Hotel
vtb,category,Отели,hotels,3746,include,The Eliot Hotel
vtb,category,Отели,hotels,3747,include,Clubcorp/club Resorts
vtb,category,Отели,hotels,3748,include,Welesley Inns
vtb,category,Отели,hotels,3749,include,The Beverly Hills Hotel
vtb,category,Отели,hotels,3750,include,Crowne Plaza Hotels
vtb,category,Отели,hotels,3751,include,Homewood Suites
vtb,category,Отели,hotels,3752,include,Peabody Hotels
vtb,category,Отели,hotels,3753,include,Greenbriah Resorts
vtb,category,Отели,hotels,3754,include,Amelia Island Planation
vtb,category,Отели,hotels,3755,include,The Homestead
vtb,category,Отели,hotels,3756,include,South Seas Resorts
vtb,category,Отели,hotels,3757,include,"Отели, мотели, курорты"
vtb,category,Отели,hotels,3758,include,"Отели, мотели, курорты"
vtb,category,Отели,hotels,3759,include,"Отели, мотели, курорты"
vtb,category,Отели,hotels,3760,include,"Отели, мотели, курорты"
vtb,category,Отели,hotels,3761,include,"Отели, мотели, курорты"
vtb,category,Отели,hotels,3762,include,"Отели, мотели, курорты"
vtb,category,Отели,hotels,3763,include,"Отели, мотели, курорты"
vtb,category,Отели,hotels,3764,include,"Отели, мотели, курорты"
vtb,category,Отели,hotels,3765,include,"Отели, мотели, курорты"
vtb,category,Отели,hotels,3766,include,"Отели, мотели, курорты"
vtb,category,Отели,hotels,3767,include,"Отели, мотели, курорты"
vtb,category,Отели,hotels,3768,include,"Отели, мотели, курорты"
vtb,category,Отели,hotels,3769,include,"Отели, мотели, курорты"
vtb,category,Отели,hotels,3770,include,"Отели, мотели, курорты"
vtb,category,Отели,hotels,3771,include,"Отели, мотели, курорты"
vtb,category,Отели,hotels,3772,include,"Отели, мотели, курорты"
vtb,category,Отели,hotels,3773,include,"Отели, мотели, курорты"
vtb,category,Отели,hotels,3774,include,"Отели, мотели, курорты"
vtb,category,Отели,hotels,3775,include,"Отели, мотели, курорты"
vtb,category,Отели,hotels,3776,include,"Отели, мотели, курорты"
vtb,category,Отели,hotels,3777,include,"Отели, мотели, курорты"
vtb,category,Отели,hotels,3778,include,"Отели, мотели, курорты"
vtb,category,Отели,hotels,3779,include,"Отели, мотели, курорты"
vtb,category,Отели,hotels,3780,include,"Отели, мотели, курорты"
vtb,category,Отели,hotels,3781,include,"Отели, мотели, курорты"
vtb,category,Отели,hotels,3782,include,"Отели, мотели, курорты"
vtb,category,Отели,hotels,3783,include,"Отели, мотели, курорты"
vtb,category,Отели,hotels,3784,include,"Отели, мотели, курорты"
vtb,category,Отели,hotels,3785,include,"Отели, мотели, курорты"
vtb,category,Отели,hotels,3786,include,"Отели, мотели, курорты"
vtb,category,Отели,hotels,3787,include,"Отели, мотели, курорты"
vtb,category,Отели,hotels,3788,include,"Отели, мотели, курорты"
vtb,category,Отели,hotels,3789,include,"Отели, мотели, курорты"
vtb,category,Отели,hotels,3790,include,"Отели, мотели, курорты"
vtb,category,Отели,hotels,3791,include,"Отели, мотели, курорты"
vtb,category,Отели,hotels,3792,include,"Отели, мотели, курорты"
vtb,category,Отели,hotels,3793,include,"Отели, мотели, курорты"
vtb,category,Отели,hotels,3794,include,"Отели, мотели, курорты"
vtb,category,Отели,hotels,3795,include,"Отели, мотели, курорты"
vtb,category,Отели,hotels,3796,include,"Отели, мотели, курорты"
vtb,category,Отели,hotels,3797,include,"Отели, мотели, курорты"
vtb,category,Отели,hotels,3798,include,"Отели, мотели, курорты"
vtb,category,Отели,hotels,3799,include,"Отели, мотели, курорты"
vtb,category,Отели,hotels,3800,include,Homestead Suites
vtb,category,Отели,hotels,3801,include,Wilderness Hotel and Resort
vtb,category,Отели,hotels,3802,include,The Palace Hotel
vtb,category,Отели,hotels,3803,include,The Wigwam Golf Resort and Spa
vtb,category,Отели,hotels,3804,include,The Diplomat Country Club and Spa
vtb,category,Отели,hotels,3805,include,The Atlantic
vtb,category,Отели,hotels,3806,include,Princeville Resort
vtb,category,Отели,hotels,3807,include,Element
vtb,category,Отели,hotels,3808,include,LXR (Luxury Resorts)
vtb,category,Отели,hotels,3809,include,Settle Inn
vtb,category,Отели,hotels,3810,include,La Costa Resort
vtb,category,Отели,hotels,3811,include,Premier Travel Inns
vtb,category,Отели,hotels,3812,include,Hyatt Place
vtb,category,Отели,hotels,3813,include,Hotel Indigo
vtb,category,Отели,hotels,3814,include,The Roosevelt Hotel NY
vtb,category,Отели,hotels,3815,include,Nickelodeon Family Suites by Holiday Inn
vtb,category,Отели,hotels,3816,include,Home2Suites
vtb,category,Отели,hotels,3817,include,Affinia
vtb,category,Отели,hotels,3818,include,Mainstay Suites
vtb,category,Отели,hotels,3819,include,Oxford Suites
vtb,category,Отели,hotels,3820,include,Jumeirah Essex House
vtb,category,Отели,hotels,3821,include,Caribe Royal
vtb,category,Отели,hotels,3822,include,Crossland
vtb,category,Отели,hotels,3823,include,Grand Sierra Resort
vtb,category,Отели,hotels,3824,include,Aria
vtb,category,Отели,hotels,3825,include,Vdara
vtb,category,Отели,hotels,3826,include,Autograph
vtb,category,Отели,hotels,3827,include,Galt House
vtb,category,Отели,hotels,3828,include,Cosmopolitan of Las Vegas
vtb,category,Отели,hotels,3829,include,Country Inn By Radisson
vtb,category,Отели,hotels,3830,include,Park Plaza Hotel
vtb,category,Отели,hotels,3831,include,Waldorf
vtb,category,Отели,hotels,3832,include,Curio Hotels
vtb,category,Отели,hotels,3833,include,Canopy
vtb,category,Отели,hotels,3834,include,Baymont Inn & Suites
vtb,category,Отели,hotels,3835,include,Dolce Hotels and Resorts
vtb,category,Отели,hotels,3836,include,Hawthorn by Wyndham
vtb,category,Отели,hotels,7011,include,Отели и мотели - нигде более не классифицированные
vtb,category,Отели,hotels,7012,include,Тайм-шер
vtb,category,Отели,hotels,7033,include,Кемпинги и трейлер-парки
vtb,category,Отели,hotels,7032,include,Рекреационные и спортивные лагеря
vtb,category,Ж/д билеты,rail,4011,include,Железные дороги – перевозка грузов
vtb,category,Ж/д билеты,rail,4112,include,Пассажирские железнодорожные перевозки
vtb,category,Турагентства,travel_agency,5962,include,"Прямой маркетинг – услуги, относящиеся к туризму"
vtb,category,Турагентства,travel_agency,4723,include,Пакетные туроператоры - только Германия
vtb,category,Турагентства,travel_agency,4411,include,Круизные линии
vtb,category,АЗС,fuel,5541,include,Заправочные станции (с вспомогательными услугами или без)
vtb,category,АЗС,fuel,5172,include,Нефть и нефтепродукты
vtb,category,АЗС,fuel,5542,include,Автоматические заправочные станции
vtb,category,АЗС,fuel,5983,include,"Поставщики топлива – уголь, мазут, сжиженная нефть, древесина"
vtb,category,АЗС,fuel,9752,include,Автозаправочные станции (Великобритания)
vtb,category,АЗС,fuel,5552,include,Зарядка электромобилей
vtb,category,Автоуслуги,auto_services,5531,include,Автомагазины и товары для дома
vtb,category,Автоуслуги,auto_services,5532,include,Автошины
vtb,category,Автоуслуги,auto_services,5533,include,Автозапчасти и аксессуары
vtb,category,Автоуслуги,auto_services,7531,include,Кузовной ремонт автомобилей
vtb,category,Автоуслуги,auto_services,7534,include,Шиномонтаж и вулканизация
vtb,category,Автоуслуги,auto_services,7535,include,Покраска автомобилей
vtb,category,Автоуслуги,auto_services,7538,include,Автосервисы
vtb,category,Автоуслуги,auto_services,7542,include,Автомойки
vtb,category,Автоуслуги,auto_services,7549,include,Услуги буксировки и эвакуации
vtb,category,Автоуслуги,auto_services,7511,include,Стоянка грузового транспорта
vtb,category,Автоуслуги,auto_services,5013,include,Поставщики грузовиков и запчастей
vtb,category,Автоуслуги,auto_services,5511,include,"Легковой и грузовой транспорт – продажа, сервис, ремонт, запчасти и лизинг."
vtb,category,Платные дороги,toll_roads,4784,include,Платные дороги и мосты
vtb,category,Платные дороги,toll_roads,7523,include,Паркинги и гаражи
vtb,category,Дом и ремонт,home,0780,include,Услуги садоводства и ландшафтного дизайна
vtb,category,Дом и ремонт,home,1520,include,Генеральные подрядчики – жилое и коммерческое строительство
vtb,category,Дом и ремонт,home,1711,include,"Генеральные подрядчики по вентиляции, теплоснабжению и водопроводу"
vtb,category,Дом и ремонт,home,1731,include,Подрядчики по электричеству
vtb,category,Дом и ремонт,home,1740,include,"Изоляция, мозаика, штукатурные работы, каменная кладка, облицовка плиткой, кафелем"
vtb,category,Дом и ремонт,home,1750,include,Столярные работы
vtb,category,Дом и ремонт,home,1761,include,"Кровельные и сайдинговые работы, обработка листового металла"
vtb,category,Дом и ремонт,home,1771,include,Подрядчики бетонных работ
vtb,category,Дом и ремонт,home,1799,include,Контрактные услуги – нигде более не классифицированные
vtb,category,Дом и ремонт,home,2842,include,"Санитарная обработка, полировка и специализированная подготовка"
vtb,category,Дом и ремонт,home,5021,include,Офисная и торговая мебель
vtb,category,Дом и ремонт,home,5039,include,Строительные материалы – нигде более не классифицированные
vtb,category,Дом и ремонт,home,5051,include,Центры и офисы работ по металлу
vtb,category,Дом и ремонт,home,5065,include,Электрические части и оборудование
vtb,category,Дом и ремонт,home,5072,include,Оборудование и сопутствующие материалы для технического обеспечения
vtb,category,Дом и ремонт,home,5074,include,Оборудование для водопровода и отопительной системы
vtb,category,Дом и ремонт,home,5131,include,"Штучные товары, галантерея и другие текстильные товары"
vtb,category,Дом и ремонт,home,5169,include,Химикалии и смежные вещества - нигде более не классифицированные
vtb,category,Дом и ремонт,home,5198,include,Лакокрасочная продукция и сопровождающие товары
vtb,category,Дом и ремонт,home,5200,include,Товары для дома
vtb,category,Дом и ремонт,home,5211,include,Лесо- и строительный материал
vtb,category,Дом и ремонт,home,5231,include,"Розничная продажа стекла, красок и обоев"
vtb,category,Дом и ремонт,home,5251,include,Скобяные товары в розницу
vtb,category,Дом и ремонт,home,5261,include,Садовые принадлежности (в том числе для ухода за газонами) в розницу
vtb,category,Дом и ремонт,home,5311,include,Универмаги
vtb,category,Дом и ремонт,home,5331,include,Универсальные магазины
vtb,category,Дом и ремонт,home,5712,include,"Оборудование, мебель и бытовые принадлежности (кроме электрооборудования)"
vtb,category,Дом и ремонт,home,5713,include,Покрытия для пола
vtb,category,Дом и ремонт,home,5714,include,"Ткани, обивочный материал, гардины и портьеры, жалюзи"
vtb,category,Дом и ремонт,home,5718,include,"Продажа каминов, экранов для каминов и аксессуаров"
vtb,category,Дом и ремонт,home,5719,include,Различные специализированные магазины бытовых принадлежностей
vtb,category,Дом и ремонт,home,5950,include,Магазины хрусталя и изделий из стекла
vtb,category,Дом и ремонт,home,5998,include,Магазины палаток и навесов
vtb,category,Дом и ремонт,home,7622,include,Ремонт электроники
vtb,category,Дом и ремонт,home,7623,include,Ремонт кондиционеров и холодильников
vtb,category,Дом и ремонт,home,7629,include,Ремонт электрооборудования и малой бытовой техники
vtb,category,Дом и ремонт,home,7641,include,"Обивка, ремонт и отделка мебели"
vtb,category,Дом и ремонт,home,7692,include,Ремонт с помощью сварки
vtb,category,Дом и ремонт,home,7699,include,Ремонтные услуги – нигде более не классифицированные
vtb,category,Дом и ремонт,home,5996,include,Плавательные бассейны – продажа и снабжение
vtb,category,Дом и ремонт,home,5949,include,"Магазины ткани, ниток, рукоделия, шитья"
vtb,category,Образование,education,8211,include,Начальная и средняя школы
vtb,category,Образование,education,8220,include,"Колледжи, университеты, профессиональные училища и техникумы"
vtb,category,Образование,education,8241,include,Дистанционные школы
vtb,category,Образование,education,8244,include,Бизнес / секретарские школы
vtb,category,Образование,education,8249,include,Профессиональные школы и училища
vtb,category,Образование,education,8299,include,"Образовательные услуги,  нигде более не классифицированные"
vtb,category,Образование,education,8351,include,Услуги ухода за детьми
vtb,category,Фитнес,fitness,7941,include,"Атлетические поля, коммерческие виды спорта, профессиональные спортивные клубы, промоутеры спорта"
vtb,category,Фитнес,fitness,7992,include,Публичные поля для гольфа
vtb,category,Фитнес,fitness,7997,include,"Клубы – загородные клубы, членство (отдых, спорт), частные поля для гольфа"
vtb,category,Спортивные товары,sports_goods,5940,include,Веломагазины – продажа и обслуживание
vtb,category,Спортивные товары,sports_goods,5941,include,Спорттовары
vtb,category,Спортивные товары,sports_goods,5655,include,"Спортивная одежда, одежда для верховой езды и езды на мотоцикле"
vtb,category,Бытовые услуги,household_services,5697,include,"Услуги по переделке, починке и пошиву одежды"
vtb,category,Бытовые услуги,household_services,7210,include,Услуги по уборке и прачечной
vtb,category,Бытовые услуги,household_services,7211,include,Услуги прачечной - семейные и коммерческие
vtb,category,Бытовые услуги,household_services,7216,include,Химчистка
vtb,category,Бытовые услуги,household_services,7217,include,Чистка ковров и обивки мебели
vtb,category,Бытовые услуги,household_services,7251,include,"Чистка шляп, ремонт и полировка обуви"
vtb,category,Бытовые услуги,household_services,7342,include,"Дезинсекция, дезинфекция и дератизация"
vtb,category,Бытовые услуги,household_services,7349,include,Уборка и техническое обслуживание зданий и помещений
vtb,category,Цветы,flowers,5193,include,"Принадлежности для флористов, питомник и цветы"
vtb,category,Цветы,flowers,5992,include,Флористика
vtb,category,Украшения и бижутерия,jewelry,5094,include,"Драгоценные камни и металлы, часы и ювелирные изделия"
vtb,category,Украшения и бижутерия,jewelry,5944,include,"Часы, ювелирные и серебряные изделия"
vtb,category,Украшения и бижутерия,jewelry,7631,include,Центры ремонта часов и чистки ювелирных изделий
vtb,category,Зоотовары,pets,0742,include,Ветеринарные услуги
vtb,category,Зоотовары,pets,5995,include,Зоомагазины
vtb,category,Цифровой контент,digital,5734,include,Продажа компьютерного программного обеспечения
vtb,category,Цифровой контент,digital,5735,include,Магазины звукозаписи
vtb,category,Цифровой контент,digital,5815,include,"Цифровые товары - аудиовизуальные медиа, включая книги, фильмы и музыку"
vtb,category,Цифровой контент,digital,5816,include,Цифровые товары – игры
vtb,category,Цифровой контент,digital,5817,include,Цифровые товары - приложения (кроме игр)
vtb,category,Цифровой контент,digital,5818,include,Цифровые товары - мультикатегория
vtb,category,Цифровой контент,digital,7829,include,Производство и распространение кинофильмов и видеокассет
vtb,category,Цифровой контент,digital,7841,include,Видеопрокат
vtb,category,Цифровой контент,digital,7993,include,Принадлежности для видеоигр
vtb,category,Цифровой контент,digital,7994,include,Клубы видеоигр
vtb,category,Развлечения,entertainment,5733,include,"Продажа музыкальных инструментов, фортепиано, нот."
vtb,category,Развлечения,entertainment,5947,include,"Магазины открыток, подарков, новинок и сувениров"
vtb,category,Развлечения,entertainment,5968,include,Прямой маркетинг – Продажа по подписке
vtb,category,Развлечения,entertainment,7221,include,Фотостудии
vtb,category,Развлечения,entertainment,7333,include,"Коммерческое искусство, графика, фотография"
vtb,category,Развлечения,entertainment,7395,include,"Фотостудии, фотолаборатории"
vtb,category,Развлечения,entertainment,7911,include,"Танцевальные залы, школы и студии"
vtb,category,Развлечения,entertainment,7932,include,Бильярд-клубы
vtb,category,Развлечения,entertainment,7933,include,Боулинг
vtb,category,Развлечения,entertainment,7991,include,Туристические достопримечательности и выставки
vtb,category,Развлечения,entertainment,7996,include,"Парки аттракционов, карнавалы, цирки, гадалки"
vtb,category,Развлечения,entertainment,7998,include,"Аквариумы, дельфинарии, зоопарки и морские парки"
vtb,category,Развлечения,entertainment,7999,include,Услуги отдыха - нигде более не классифицированные
vtb,category,Развлечения,entertainment,7929,include,"Музыкальные группы, оркестры и прочие развлекательные услуги"
vtb,category,Театры и кино,theaters,7832,include,Кинотеатры
vtb,category,Театры и кино,theaters,7833,include,Экспресс-оплата – Кинотеатр
vtb,category,Театры и кино,theaters,7922,include,"Театральные продюсеры (кроме кинофильмов), билетные агентства"
vtb,category,Услуги ЖКХ,utilities,4900,include,Жилищно-коммунальные услуги
vtb,category,Алкоголь,alcohol,5715,include,Оптовые продавцы алкоголя
vtb,category,Алкоголь,alcohol,5921,include,Магазины с продажей спиртных напитков навынос
vtb,category,Искусство,art,5973,include,Магазины религиозных товаров
vtb,category,Искусство,art,5937,include,Магазины репродукций и антиквариата
vtb,category,Искусство,art,5970,include,Магазины художественных и ремесляных изделий
vtb,category,Искусство,art,5971,include,Галереи и художественные посредники
vtb,category,Искусство,art,5972,include,Магазины монет и марок (филателические и нумизматические)
vtb,category,Искусство,art,5932,include,"Антикварные магазины – продажа, ремонт и услуги реставрации"
vtb,category,Книги и канцтовары,books,5111,include,"Канцелярия, офисные сопутствующие товары, бумага для печатания и письма"
vtb,category,Книги и канцтовары,books,5943,include,"Магазины офисных, школьных принадлежностей, канцтоваров"
vtb,category,Книги и канцтовары,books,2741,include,Различные издательства/ печатное дело
vtb,category,Книги и канцтовары,books,5192,include,"Книги, периодические издания и газеты"
vtb,category,Книги и канцтовары,books,5942,include,Книжные магазины
vtb,category,Книги и канцтовары,books,5994,include,Дилеры по продаже печатной продукции
vtb,category,Услуги связи,telecom,4899,include,Кабельные и другие платные телевизионные услуги
vtb,category,Услуги связи,telecom,4813,include,"Торговые точки телеком клавишного ввода, предлагающие единичные локальные и дальние телефонные звонки, используя центральный номер доступа без разговора с оператором и используя код доступа"
vtb,category,Услуги связи,telecom,4815,include,МастерФон телефонные услуги – Ежемесячное составление телефонных счетов
vtb,category,Услуги связи,telecom,4821,include,Услуги телеграфа
vtb,category,Услуги связи,telecom,4816,include,"Компьютерные сети, информационные услуги"
vtb,category,Услуги связи,telecom,4814,include,Телекоммуникационные услуги
vtb,special,Все остальные покупки,,4511,include,"Авиалинии, авиакомпании - нигде более не классифицированные"
vtb,special,Все остальные покупки,,5271,include,Продажа жилых фургонов
vtb,special,Все остальные покупки,,5521,include,Продажа легковых и грузовых автомобилей (только подержанных)
vtb,special,Все остальные покупки,,5551,include,Продажа лодок
vtb,special,Все остальные покупки,,5561,include,"Дома- автоприцепы, жилые неразборные и грузовые прицепы"
vtb,special,Все остальные покупки,,5571,include,Продажа мотоциклов
vtb,special,Все остальные покупки,,5592,include,Продажа домов на колесах
vtb,special,Все остальные покупки,,5598,include,Продажа снегоходов
vtb,special,Все остальные покупки,,5599,include,"Продажа различного рода автомобилей, авиа- и с/х оборудования - нигде более не классифицированные"
vtb,special,Все остальные покупки,,5262,include,Маркетплейсы
vtb,special,Все остальные покупки,,5300,include,Оптовики
vtb,special,Все покупки,,4511,include,"Авиалинии, авиакомпании - нигде более не классифицированные"
vtb,special,Все покупки,,5271,include,Продажа жилых фургонов
vtb,special,Все покупки,,5521,include,Продажа легковых и грузовых автомобилей (только подержанных)
vtb,special,Все покупки,,5551,include,Продажа лодок
vtb,special,Все покупки,,5561,include,"Дома- автоприцепы, жилые неразборные и грузовые прицепы"
vtb,special,Все покупки,,5571,include,Продажа мотоциклов
vtb,special,Все покупки,,5592,include,Продажа домов на колесах
vtb,special,Все покупки,,5598,include,Продажа снегоходов
vtb,special,Все покупки,,5599,include,"Продажа различного рода автомобилей, авиа- и с/х оборудования - нигде более не классифицированные"
vtb,special,Все покупки,,5262,include,Маркетплейсы
vtb,special,Все покупки,,5300,include,Оптовики
vtb,special,Подписка: Авиабилеты и Отели (15%),,3000,include,United Airlines
vtb,special,Подписка: Авиабилеты и Отели (15%),,3011,include,Аэрофлот
vtb,special,Подписка: Авиабилеты и Отели (15%),,3026,include,Emirates Airlines
vtb,special,Подписка: Авиабилеты и Отели (15%),,3032,include,El Al
vtb,special,Подписка: Авиабилеты и Отели (15%),,3037,include,EgyptAir
vtb,special,Подписка: Авиабилеты и Отели (15%),,3047,include,Turkish Airlines
vtb,special,Подписка: Авиабилеты и Отели (15%),,3136,include,Qatar Airways Company W.L.L.
vtb,special,Подписка: Авиабилеты и Отели (15%),,4511,include,"Авиалинии, авиакомпании - нигде более не классифицированные"
vtb,special,Подписка: Авиабилеты и Отели (15%),,3501,include,Holiday Inns
vtb,special,Подписка: Авиабилеты и Отели (15%),,3503,include,Sheraton Hotels
vtb,special,Подписка: Авиабилеты и Отели (15%),,3504,include,Hilton Hotels
vtb,special,Подписка: Авиабилеты и Отели (15%),,3509,include,Marriott Hotels
vtb,special,Подписка: Авиабилеты и Отели (15%),,3512,include,Inter-continental Hotels
vtb,special,Подписка: Авиабилеты и Отели (15%),,3518,include,Sol Hotels
vtb,special,Подписка: Авиабилеты и Отели (15%),,3530,include,Renaissance Hotels
vtb,special,Подписка: Авиабилеты и Отели (15%),,3533,include,Hotel Ibis
vtb,special,Подписка: Авиабилеты и Отели (15%),,3543,include,Four Seasons Hotels
vtb,special,Подписка: Авиабилеты и Отели (15%),,3553,include,Park Inns International
vtb,special,Подписка: Авиабилеты и Отели (15%),,3579,include,Hotel Mercure
vtb,special,Подписка: Авиабилеты и Отели (15%),,3583,include,Sas Hotels
vtb,special,Подписка: Авиабилеты и Отели (15%),,3586,include,Sokos Hotels
vtb,special,Подписка: Авиабилеты и Отели (15%),,3604,include,"Отели, мотели, курорты"
vtb,special,Подписка: Авиабилеты и Отели (15%),,3618,include,"Отели, мотели, курорты"
vtb,special,Подписка: Авиабилеты и Отели (15%),,3625,include,Hotle Universale
vtb,special,Подписка: Авиабилеты и Отели (15%),,3634,include,Swissotel
vtb,special,Подписка: Авиабилеты и Отели (15%),,3640,include,Hyatt Hotel
vtb,special,Подписка: Авиабилеты и Отели (15%),,3642,include,Novotel Hotels
vtb,special,Подписка: Авиабилеты и Отели (15%),,3649,include,Radisson Hotels
vtb,special,Подписка: Авиабилеты и Отели (15%),,3665,include,Hampton Inns
vtb,special,Подписка: Авиабилеты и Отели (15%),,3690,include,Courtyard By Marriott
vtb,special,Подписка: Авиабилеты и Отели (15%),,3692,include,Doubletree Hotels
vtb,special,Подписка: Авиабилеты и Отели (15%),,3694,include,Economy Inns Of America
vtb,special,Подписка: Авиабилеты и Отели (15%),,3710,include,The Ritz Carlton Hotels
vtb,special,Подписка: Авиабилеты и Отели (15%),,3750,include,Crowne Plaza Hotels
vtb,special,Подписка: Авиабилеты и Отели (15%),,3778,include,"Отели, мотели, курорты"
vtb,special,Подписка: Авиабилеты и Отели (15%),,3779,include,"Отели, мотели, курорты"
vtb,special,Подписка: Авиабилеты и Отели (15%),,3813,include,Hotel Indigo
vtb,special,Подписка: Авиабилеты и Отели (15%),,4722,include,Туристические агентства и организаторы экскурсий
vtb,special,Подписка: Авиабилеты и Отели (15%),,7011,include,Отели и мотели - нигде более не классифицированные
vtb,exclusion:always,Не учитываются во всех случаях (раздел 5.1.11),,6538,exclude,Денежные переводы с карты на карту – списание
vtb,exclusion:always,Не учитываются во всех случаях (раздел 5.1.11),,6050,exclude,Квази-Кэш – Финансовые учреждения
vtb,exclusion:always,Не учитываются во всех случаях (раздел 5.1.11),,6051,exclude,Квази-Кэш – Нефинансовые учреждения
vtb,exclusion:always,Не учитываются во всех случаях (раздел 5.1.11),,6010,exclude,Финансовые учреждения – выдача наличных в кассе
vtb,exclusion:always,Не учитываются во всех случаях (раздел 5.1.11),,6011,exclude,Финансовые учреждения – снятие наличных автоматически
vtb,exclusion:always,Не учитываются во всех случаях (раздел 5.1.11),,6012,exclude,Финансовые учреждения – торговля и услуги
vtb,exclusion:always,Не учитываются во всех случаях (раздел 5.1.11),,7995,exclude,Азартные игры
vtb,exclusion:always,Не учитываются во всех случаях (раздел 5.1.11),,6211,exclude,Услуги брокеров на рынке ценных бумаг
vtb,exclusion:always,Не учитываются во всех случаях (раздел 5.1.11),,6532,exclude,Платежная операция - финансовое учреждение
vtb,exclusion:always,Не учитываются во всех случаях (раздел 5.1.11),,6536,exclude,Денежные переводы с карты на карту – зачисление (внутри страны)
vtb,exclusion:always,Не учитываются во всех случаях (раздел 5.1.11),,6537,exclude,Денежные переводы с карты на карту – зачисление (между странами)
vtb,exclusion:always,Не учитываются во всех случаях (раздел 5.1.11),,6540,exclude,"Пополнение небанковских предоплаченных карт, счетов"
vtb,exclusion:always,Не учитываются во всех случаях (раздел 5.1.11),,9311,exclude,Налоговые платежи
vtb,exclusion:always,Не учитываются во всех случаях (раздел 5.1.11),,9211,exclude,"Судебные выплаты, включая алименты и детскую поддержку"
vtb,exclusion:always,Не учитываются во всех случаях (раздел 5.1.11),,9222,exclude,Штрафы
vtb,exclusion:always,Не учитываются во всех случаях (раздел 5.1.11),,6529,exclude,Удалённое пополнение предоплаченной карты - Финансовые организации
vtb,exclusion:always,Не учитываются во всех случаях (раздел 5.1.11),,4812,exclude,"Телекоммуникационное оборудование, включая продажу телефонов"
vtb,exclusion:always,Не учитываются во всех случаях (раздел 5.1.11),,4829,exclude,Денежные переводы
vtb,exclusion:always,Не учитываются во всех случаях (раздел 5.1.11),,6531,exclude,Оплата услуг – денежные переводы
vtb,exclusion:always,Не учитываются во всех случаях (раздел 5.1.11),,6533,exclude,Платежная операция - продавец
vtb,exclusion:always,Не учитываются во всех случаях (раздел 5.1.11),,6534,exclude,Денежный перевод - финансовое учреждение
vtb,exclusion:always,Не учитываются во всех случаях (раздел 5.1.11),,8398,exclude,Благотворительные организации и социальные службы - сбор средств
vtb,exclusion:always,Не учитываются во всех случаях (раздел 5.1.11),,4215,exclude,"Услуги курьера – по воздуху и на земле, агентство по отправке грузов"
vtb,exclusion:always,Не учитываются во всех случаях (раздел 5.1.11),,5933,exclude,Ломбарды
vtb,exclusion:always,Не учитываются во всех случаях (раздел 5.1.11),,6530,exclude,Удалённое пополнение предоплаченной карты - Торговая точка
vtb,exclusion:always,Не учитываются во всех случаях (раздел 5.1.11),,7299,exclude,Различные услуги - нигде более не классифицированные
vtb,exclusion:always,Не учитываются во всех случаях (раздел 5.1.11),,7311,exclude,Рекламные услуги
vtb,exclusion:always,Не учитываются во всех случаях (раздел 5.1.11),,7372,exclude,"Программирование, обработка данных, проектирование интегрированных систем"
vtb,exclusion:always,Не учитываются во всех случаях (раздел 5.1.11),,7399,exclude,Бизнес услуги – нигде более не классифицированные
vtb,exclusion:always,Не учитываются во всех случаях (раздел 5.1.11),,8999,exclude,Профессиональные услуги - нигде более не классифицированные
vtb,exclusion:always,Не учитываются во всех случаях (раздел 5.1.11),,9399,exclude,Государственные услуги - нигде более не классифицированные
vtb,exclusion:always,Не учитываются во всех случаях (раздел 5.1.11),,9754,exclude,Лошадиные / собачьи бега (только США)
vtb,exclusion:always,Не учитываются во всех случаях (раздел 5.1.11),,7802,exclude,Лошадиные / собачьи бега (только США)
vtb,exclusion:always,Не учитываются во всех случаях (раздел 5.1.11),,7276,exclude,Служба налоговой подготовки
vtb,exclusion:always,Не учитываются во всех случаях (раздел 5.1.11),,9390,exclude,Госуслуги
vtb,exclusion:always,Не учитываются во всех случаях (раздел 5.1.11),,9223,exclude,Платежи по залогам и облигациям
vtb,exclusion:always,Не учитываются во всех случаях (раздел 5.1.11),,5046,exclude,Коммерческое оборудование – нигде более не классифицированное
vtb,exclusion:always,Не учитываются во всех случаях (раздел 5.1.11),,5047,exclude,Стоматологическое / лабораторное / медицинское / офтальмологическое оборудование и материалы для больниц
vtb,exclusion:always,Не учитываются во всех случаях (раздел 5.1.11),,5085,exclude,Промышленное оборудование –нигде более не классифицированное
vtb,exclusion:always,Не учитываются во всех случаях (раздел 5.1.11),,7389,exclude,Бизнес услуги – нигде более не классифицированные
vtb,exclusion:always,Не учитываются во всех случаях (раздел 5.1.11),,7801,exclude,Азартные игры в интернете (только США)
vtb,exclusion:always,Не учитываются во всех случаях (раздел 5.1.11),,8641,exclude,"Гражданские, социальные и братские ассоциации"
vtb,exclusion:always,Не учитываются во всех случаях (раздел 5.1.11),,8651,exclude,Политические организации
vtb,exclusion:always,Не учитываются во всех случаях (раздел 5.1.11),,8661,exclude,Религиозные организации
vtb,exclusion:always,Не учитываются во всех случаях (раздел 5.1.11),,6535,exclude,Права требования на ценности — Финансовые организации
vtb,exclusion:always,Не учитываются во всех случаях (раздел 5.1.11),,6009,exclude,МФО
vtb,exclusion:always,Не учитываются во всех случаях (раздел 5.1.11),,6381,exclude,Страховые премии
vtb,exclusion:always,Не учитываются во всех случаях (раздел 5.1.11),,6399,exclude,Страхование – нигде более не классифицированные
vtb,exclusion:insurance_conflict,В таблице исключений эти коды подписаны «Услуги страхования/,,5960,exclude,Прямой маркетинг – страховые услуги
vtb,exclusion:insurance_conflict,В таблице исключений эти коды подписаны «Услуги страхования/,,8050,exclude,Услуги персонального ухода
vtb,exclusion:insurance_conflict,В таблице исключений эти коды подписаны «Услуги страхования/,,4119,exclude,Услуги скорой помощи
vtb,exclusion:insurance_conflict,В таблице исключений эти коды подписаны «Услуги страхования/,,5975,exclude,"Слуховые аппараты – продажа, сервис, снабжение"
vtb,exclusion:insurance_conflict,В таблице исключений эти коды подписаны «Услуги страхования/,,5976,exclude,Ортопедические товары
vtb,exclusion:insurance_conflict,В таблице исключений эти коды подписаны «Услуги страхования/,,8011,exclude,Врачи – нигде более не классифицированные
vtb,exclusion:insurance_conflict,В таблице исключений эти коды подписаны «Услуги страхования/,,8021,exclude,"Стоматологи, ортодонты"
vtb,exclusion:insurance_conflict,В таблице исключений эти коды подписаны «Услуги страхования/,,8031,exclude,Остеопаты
vtb,exclusion:insurance_conflict,В таблице исключений эти коды подписаны «Услуги страхования/,,8041,exclude,Мануальные терапевты
vtb,exclusion:insurance_conflict,В таблице исключений эти коды подписаны «Услуги страхования/,,8042,exclude,"Оптометристы, офтальмологи"
vtb,exclusion:insurance_conflict,В таблице исключений эти коды подписаны «Услуги страхования/,,8043,exclude,"Оптика, оптические товары и очки"
vtb,exclusion:insurance_conflict,В таблице исключений эти коды подписаны «Услуги страхования/,,8044,exclude,Оптические товары и очки (TSYS)
vtb,exclusion:insurance_conflict,В таблице исключений эти коды подписаны «Услуги страхования/,,8049,exclude,Ортопеды
vtb,exclusion:insurance_conflict,В таблице исключений эти коды подписаны «Услуги страхования/,,8062,exclude,Больницы
vtb,exclusion:insurance_conflict,В таблице исключений эти коды подписаны «Услуги страхования/,,8071,exclude,Стоматологические и медицинские лаборатории
vtb,exclusion:insurance_conflict,В таблице исключений эти коды подписаны «Услуги страхования/,,8099,exclude,"Медицинские работники, медицинские услуги – нигде более не классифицированные"
vtb,exclusion:unless_category,"Учитываются, только если MCC входит в подключённую категорию",,4900,exclude,Жилищно-коммунальные услуги
vtb,exclusion:unless_category,"Учитываются, только если MCC входит в подключённую категорию",,9402,exclude,Почтовые услуги – только государственные
vtb,exclusion:unless_category,"Учитываются, только если MCC входит в подключённую категорию",,4815,exclude,МастерФон телефонные услуги – Ежемесячное составление телефонных счетов
vtb,exclusion:unless_category,"Учитываются, только если MCC входит в подключённую категорию",,4899,exclude,Кабельные и другие платные телевизионные услуги
vtb,exclusion:unless_category,"Учитываются, только если MCC входит в подключённую категорию",,4813,exclude,"Торговые точки телеком клавишного ввода, предлагающие единичные локальные и дальние телефонные звонки, используя центральный номер доступа без разговора с оператором и используя код доступа"
vtb,exclusion:unless_category,"Учитываются, только если MCC входит в подключённую категорию",,4814,exclude,Телекоммуникационные услуги
vtb,exclusion:unless_category,"Учитываются, только если MCC входит в подключённую категорию",,4816,exclude,"Компьютерные сети, информационные услуги"
vtb,exclusion:unless_category,"Учитываются, только если MCC входит в подключённую категорию",,6300,exclude,Услуги страховых компаний
vtb,exclusion:unless_category,"Учитываются, только если MCC входит в подключённую категорию",,7800,exclude,Государственные лотереи (только США)
vtb,exclusion:unless_category,"Учитываются, только если MCC входит в подключённую категорию",,9406,exclude,Государственные лотереи (кроме США)
vtb,exclusion:unless_category,"Учитываются, только если MCC входит в подключённую категорию",,7995,exclude,Азартные игры
vtb,exclusion:unless_category,"Учитываются, только если MCC входит в подключённую категорию",,5262,exclude,Маркетплейсы
vtb,exclusion:unless_category,"Учитываются, только если MCC входит в подключённую категорию",,5300,exclude,Оптовики
vtb,exclusion:unless_category,"Учитываются, только если MCC входит в подключённую категорию",,7278,exclude,Услуги покупок/шоппинга
vtb,exclusion:unless_category,"Учитываются, только если MCC входит в подключённую категорию",,4722,exclude,Туристические агентства и организаторы экскурсий
vtb,exclusion:unless_category,"Учитываются, только если MCC входит в подключённую категорию",,4511,exclude,"Авиалинии, авиакомпании - нигде более не классифицированные"
tbank,category,Автоуслуги,auto_services,5013,include,Поставщики грузовиков и запчастей
tbank,category,Автоуслуги,auto_services,5531,include,Автомагазины и товары для дома
tbank,category,Автоуслуги,auto_services,5532,include,Автошины
tbank,category,Автоуслуги,auto_services,5533,include,Автозапчасти и аксессуары
tbank,category,Автоуслуги,auto_services,5571,include,Продажа мотоциклов
tbank,category,Автоуслуги,auto_services,7523,include,Паркинги и гаражи
tbank,category,Автоуслуги,auto_services,7531,include,Кузовной ремонт автомобилей
tbank,category,Автоуслуги,auto_services,7534,include,Шиномонтаж и вулканизация
tbank,category,Автоуслуги,auto_services,7535,include,Покраска автомобилей
tbank,category,Автоуслуги,auto_services,7538,include,Автосервисы
tbank,category,Автоуслуги,auto_services,7542,include,Автомойки
tbank,category,Автоуслуги,auto_services,7549,include,Услуги буксировки и эвакуации
tbank,category,Заправки,fuel,5172,include,Нефть и нефтепродукты
tbank,category,Заправки,fuel,5541,include,Заправочные станции (с вспомогательными услугами или без)
tbank,category,Заправки,fuel,5542,include,Автоматические заправочные станции
tbank,category,Заправки,fuel,5552,include,Зарядка электромобилей
tbank,category,Заправки,fuel,5983,include,"Поставщики топлива – уголь, мазут, сжиженная нефть, древесина"
tbank,category,Платные дороги,toll_roads,4784,include,Платные дороги и мосты
tbank,category,Животные,pets,5995,include,Зоомагазины
tbank,category,Животные,pets,0742,include,Ветеринарные услуги
tbank,category,Ремонт и мебель,home,1520,include,Генеральные подрядчики – жилое и коммерческое строительство
tbank,category,Ремонт и мебель,home,1711,include,"Генеральные подрядчики по вентиляции, теплоснабжению и водопроводу"
tbank,category,Ремонт и мебель,home,1731,include,Подрядчики по электричеству
tbank,category,Ремонт и мебель,home,1740,include,"Изоляция, мозаика, штукатурные работы, каменная кладка, облицовка плиткой, кафелем"
tbank,category,Ремонт и мебель,home,1750,include,Столярные работы
tbank,category,Ремонт и мебель,home,1761,include,"Кровельные и сайдинговые работы, обработка листового металла"
tbank,category,Ремонт и мебель,home,1771,include,Подрядчики бетонных работ
tbank,category,Ремонт и мебель,home,1799,include,Контрактные услуги – нигде более не классифицированные
tbank,category,Ремонт и мебель,home,2842,include,"Санитарная обработка, полировка и специализированная подготовка"
tbank,category,Ремонт и мебель,home,5021,include,Офисная и торговая мебель
tbank,category,Ремонт и мебель,home,5039,include,Строительные материалы – нигде более не классифицированные
tbank,category,Ремонт и мебель,home,5046,include,Коммерческое оборудование – нигде более не классифицированное
tbank,category,Ремонт и мебель,home,5051,include,Центры и офисы работ по металлу
tbank,category,Ремонт и мебель,home,5065,include,Электрические части и оборудование
tbank,category,Ремонт и мебель,home,5072,include,Оборудование и сопутствующие материалы для технического обеспечения
tbank,category,Ремонт и мебель,home,5074,include,Оборудование для водопровода и отопительной системы
tbank,category,Ремонт и мебель,home,5085,include,Промышленное оборудование –нигде более не классифицированное
tbank,category,Ремонт и мебель,home,5198,include,Лакокрасочная продукция и сопровождающие товары
tbank,category,Ремонт и мебель,home,5200,include,Товары для дома
tbank,category,Ремонт и мебель,home,5211,include,Лесо- и строительный материал
tbank,category,Ремонт и мебель,home,5231,include,"Розничная продажа стекла, красок и обоев"
tbank,category,Ремонт и мебель,home,5251,include,Скобяные товары в розницу
tbank,category,Ремонт и мебель,home,5261,include,Садовые принадлежности (в том числе для ухода за газонами) в розницу
tbank,category,Ремонт и мебель,home,5415,include,Категория неизвестна
tbank,category,Ремонт и мебель,home,5712,include,"Оборудование, мебель и бытовые принадлежности (кроме электрооборудования)"
tbank,category,Ремонт и мебель,home,5713,include,Покрытия для пола
tbank,category,Ремонт и мебель,home,5714,include,"Ткани, обивочный материал, гардины и портьеры, жалюзи"
tbank,category,Ремонт и мебель,home,5718,include,"Продажа каминов, экранов для каминов и аксессуаров"
tbank,category,Ремонт и мебель,home,5719,include,Различные специализированные магазины бытовых принадлежностей
tbank,category,Ремонт и мебель,home,5950,include,Магазины хрусталя и изделий из стекла
tbank,category,Ремонт и мебель,home,7622,include,Ремонт электроники
tbank,category,Ремонт и мебель,home,7623,include,Ремонт кондиционеров и холодильников
tbank,category,Ремонт и мебель,home,7629,include,Ремонт электрооборудования и малой бытовой техники
tbank,category,Ремонт и мебель,home,7641,include,"Обивка, ремонт и отделка мебели"
tbank,category,Ремонт и мебель,home,7692,include,Ремонт с помощью сварки
tbank,category,Ремонт и мебель,home,7699,include,Ремонтные услуги – нигде более не классифицированные
tbank,category,Кино,cinema,7829,include,Производство и распространение кинофильмов и видеокассет
tbank,category,Кино,cinema,7832,include,Кинотеатры
tbank,category,Онлайн-кинотеатры,online_cinema,7841,include,Видеопрокат
tbank,category,Развлечения,entertainment,7929,include,"Музыкальные группы, оркестры и прочие развлекательные услуги"
tbank,category,Развлечения,entertainment,7932,include,Бильярд-клубы
tbank,category,Развлечения,entertainment,7933,include,Боулинг
tbank,category,Развлечения,entertainment,7993,include,Принадлежности для видеоигр
tbank,category,Развлечения,entertainment,7994,include,Клубы видеоигр
tbank,category,Развлечения,entertainment,7996,include,"Парки аттракционов, карнавалы, цирки, гадалки"
tbank,category,Развлечения,entertainment,7998,include,"Аквариумы, дельфинарии, зоопарки и морские парки"
tbank,category,Развлечения,entertainment,7999,include,Услуги отдыха - нигде более не классифицированные
tbank,category,Развлечения,entertainment,8664,include,Категория неизвестна
tbank,category,Цифровые товары,digital,0019,include,
tbank,category,Цифровые товары,digital,5815,include,"Цифровые товары - аудиовизуальные медиа, включая книги, фильмы и музыку"
tbank,category,Цифровые товары,digital,5816,include,Цифровые товары – игры
tbank,category,Цифровые товары,digital,5817,include,Цифровые товары - приложения (кроме игр)
tbank,category,Цифровые товары,digital,5818,include,Цифровые товары - мультикатегория
tbank,category,Косметика,cosmetics,5977,include,Магазины косметики
tbank,category,Красота,beauty,5977,include,Магазины косметики
tbank,category,Красота,beauty,7230,include,Парикмахерские и салоны красоты
tbank,category,Красота,beauty,7297,include,Массажные салоны
tbank,category,Красота,beauty,7298,include,Салоны красоты и здоровья
tbank,category,Аптеки,pharmacy,5122,include,"Лекарства, их распространители, аптеки"
tbank,category,Аптеки,pharmacy,5292,include,Категория неизвестна
tbank,category,Аптеки,pharmacy,5295,include,Категория неизвестна
tbank,category,Аптеки,pharmacy,5912,include,Аптеки
tbank,category,Рестораны,restaurants,5811,include,Поставщики провизии
tbank,category,Рестораны,restaurants,5812,include,"Места общественного питания, рестораны"
tbank,category,Рестораны,restaurants,5813,include,"Бары, коктейль-бары, дискотеки, ночные клубы и таверны – места продажи алкогольных напитков"
tbank,category,Супермаркеты,groceries,5297,include,Retail Internet Volume
tbank,category,Супермаркеты,groceries,5298,include,Internet Shopping Grocery Store
tbank,category,Супермаркеты,groceries,5411,include,"Бакалейные магазины, супермаркеты"
tbank,category,Супермаркеты,groceries,5412,include,Гибридные супермаркеты
tbank,category,Супермаркеты,groceries,5422,include,Продажа свежего и мороженого мяса
tbank,category,Супермаркеты,groceries,5441,include,Кондитерские
tbank,category,Супермаркеты,groceries,5451,include,Продажа молочных продуктов в розницу
tbank,category,Супермаркеты,groceries,5462,include,Булочные
tbank,category,Супермаркеты,groceries,5499,include,Различные продовольственные магазины - нигде более не классифицированные
tbank,category,Супермаркеты,groceries,5715,include,Оптовые продавцы алкоголя
tbank,category,Супермаркеты,groceries,5921,include,Магазины с продажей спиртных напитков навынос
tbank,category,Фастфуд,fastfood,5814,include,Фастфуд
tbank,category,Искусство,art,5932,include,"Антикварные магазины – продажа, ремонт и услуги реставрации"
tbank,category,Искусство,art,5937,include,Магазины репродукций и антиквариата
tbank,category,Искусство,art,5971,include,Галереи и художественные посредники
tbank,category,Искусство,art,5973,include,Магазины религиозных товаров
tbank,category,Искусство,art,7922,include,"Театральные продюсеры (кроме кинофильмов), билетные агентства"
tbank,category,Искусство,art,7991,include,Туристические достопримечательности и выставки
tbank,category,Музыка,music,5733,include,"Продажа музыкальных инструментов, фортепиано, нот."
tbank,category,Музыка,music,5735,include,Магазины звукозаписи
tbank,category,Образование,education,8211,include,Начальная и средняя школы
tbank,category,Образование,education,8220,include,"Колледжи, университеты, профессиональные училища и техникумы"
tbank,category,Образование,education,8241,include,Дистанционные школы
tbank,category,Образование,education,8244,include,Бизнес / секретарские школы
tbank,category,Образование,education,8249,include,Профессиональные школы и училища
tbank,category,Образование,education,8299,include,"Образовательные услуги,  нигде более не классифицированные"
tbank,category,Образование,education,8493,include,
tbank,category,Образование,education,8494,include,
tbank,category,Образование,education,8351,include,Услуги ухода за детьми
tbank,category,Книги и канцтовары,books,2741,include,Различные издательства/ печатное дело
tbank,category,Книги и канцтовары,books,5111,include,"Канцелярия, офисные сопутствующие товары, бумага для печатания и письма"
tbank,category,Книги и канцтовары,books,5192,include,"Книги, периодические издания и газеты"
tbank,category,Книги и канцтовары,books,5942,include,Книжные магазины
tbank,category,Книги и канцтовары,books,5943,include,"Магазины офисных, школьных принадлежностей, канцтоваров"
tbank,category,Книги и канцтовары,books,5994,include,Дилеры по продаже печатной продукции
tbank,category,Авиабилеты,airline,3000,include,United Airlines
tbank,category,Авиабилеты,airline,3001,include,American Airlines
tbank,category,Авиабилеты,airline,3002,include,Pan American
tbank,category,Авиабилеты,airline,3003,include,Eurofly
tbank,category,Авиабилеты,airline,3004,include,Dragonair
tbank,category,Авиабилеты,airline,3005,include,British Airways
tbank,category,Авиабилеты,airline,3006,include,Japan Air Lines
tbank,category,Авиабилеты,airline,3007,include,Air France
tbank,category,Авиабилеты,airline,3008,include,Lufthansa
tbank,category,Авиабилеты,airline,3009,include,Air Canada
tbank,category,Авиабилеты,airline,3010,include,Royal Dutch Airlines
tbank,category,Авиабилеты,airline,3011,include,Аэрофлот
tbank,category,Авиабилеты,airline,3012,include,Qantas
tbank,category,Авиабилеты,airline,3013,include,Alitalia
tbank,category,Авиабилеты,airline,3014,include,Saudi Arabian Airlines
tbank,category,Авиабилеты,airline,3015,include,Swiss International Air Lines
tbank,category,Авиабилеты,airline,3016,include,Scandinavian Airline System
tbank,category,Авиабилеты,airline,3017,include,South African Airways
tbank,category,Авиабилеты,airline,3018,include,Varig (Бразилия)
tbank,category,Авиабилеты,airline,3019,include,"Авиалинии, авиакомпании"
tbank,category,Авиабилеты,airline,3020,include,Air India
tbank,category,Авиабилеты,airline,3021,include,Air Algerie
tbank,category,Авиабилеты,airline,3022,include,Philippine Airlines
tbank,category,Авиабилеты,airline,3023,include,Mexicana
tbank,category,Авиабилеты,airline,3024,include,Pakistan International
tbank,category,Авиабилеты,airline,3025,include,Air New Zealand Limited International
tbank,category,Авиабилеты,airline,3026,include,Emirates Airlines
tbank,category,Авиабилеты,airline,3027,include,Union de Transports Aeriens
tbank,category,Авиабилеты,airline,3028,include,Air Malta
tbank,category,Авиабилеты,airline,3029,include,SN Brussels Airlines
tbank,category,Авиабилеты,airline,3030,include,Aerolineas Argentinas
tbank,category,Авиабилеты,airline,3031,include,Olympic Airways
tbank,category,Авиабилеты,airline,3032,include,El Al
tbank,category,Авиабилеты,airline,3033,include,Ansett Airlines
tbank,category,Авиабилеты,airline,3034,include,Etihad Airways
tbank,category,Авиабилеты,airline,3035,include,Tap (Португалия)
tbank,category,Авиабилеты,airline,3036,include,VASP (Бразилия)
tbank,category,Авиабилеты,airline,3037,include,EgyptAir
tbank,category,Авиабилеты,airline,3038,include,Kuwait Airways
tbank,category,Авиабилеты,airline,3039,include,Avianca
tbank,category,Авиабилеты,airline,3040,include,Gulf Air (Бахрейн)
tbank,category,Авиабилеты,airline,3041,include,Balkan—Bulgarian Airlines
tbank,category,Авиабилеты,airline,3042,include,Finnair
tbank,category,Авиабилеты,airline,3043,include,Aer Lingus
tbank,category,Авиабилеты,airline,3044,include,Air Lanka
tbank,category,Авиабилеты,airline,3045,include,Nigeria Airways
tbank,category,Авиабилеты,airline,3046,include,Cruzeiro do Sul (Бразилия)
tbank,category,Авиабилеты,airline,3047,include,Turkish Airlines
tbank,category,Авиабилеты,airline,3048,include,Royal Air Maroc
tbank,category,Авиабилеты,airline,3049,include,Tunis Air
tbank,category,Авиабилеты,airline,3050,include,Icelandair
tbank,category,Авиабилеты,airline,3051,include,Austrian Airlines
tbank,category,Авиабилеты,airline,3052,include,LAN Airlines
tbank,category,Авиабилеты,airline,3053,include,AVIACO (Испания)
tbank,category,Авиабилеты,airline,3054,include,LADECO (Чили)
tbank,category,Авиабилеты,airline,3055,include,LAB (Боливия)
tbank,category,Авиабилеты,airline,3056,include,Jet Airways
tbank,category,Авиабилеты,airline,3057,include,Virgin America
tbank,category,Авиабилеты,airline,3058,include,Delta
tbank,category,Авиабилеты,airline,3059,include,DBA Airlines
tbank,category,Авиабилеты,airline,3060,include,Northwest Airlines
tbank,category,Авиабилеты,airline,3061,include,Continental
tbank,category,Авиабилеты,airline,3062,include,Hapag-Lloyd Express
tbank,category,Авиабилеты,airline,3063,include,U.S. Airways
tbank,category,Авиабилеты,airline,3064,include,Adria Airways
tbank,category,Авиабилеты,airline,3065,include,Air Inter
tbank,category,Авиабилеты,airline,3066,include,Southwest Airlines
tbank,category,Авиабилеты,airline,3067,include,Vanguard Airlines
tbank,category,Авиабилеты,airline,3068,include,Air Astana
tbank,category,Авиабилеты,airline,3069,include,Sun Country Airlines
tbank,category,Авиабилеты,airline,3071,include,Air British Columbia
tbank,category,Авиабилеты,airline,3072,include,Cebu Pacific
tbank,category,Авиабилеты,airline,3073,include,Air Cal
tbank,category,Авиабилеты,airline,3075,include,Singapore Airlines
tbank,category,Авиабилеты,airline,3076,include,Aeromexico
tbank,category,Авиабилеты,airline,3077,include,Thai Airways
tbank,category,Авиабилеты,airline,3078,include,China Airlines
tbank,category,Авиабилеты,airline,3079,include,Jetstar Airways
tbank,category,Авиабилеты,airline,3081,include,"Авиалинии, авиакомпании"
tbank,category,Авиабилеты,airline,3082,include,Korean Airlines
tbank,category,Авиабилеты,airline,3083,include,Air Afrique
tbank,category,Авиабилеты,airline,3084,include,Eva Airways
tbank,category,Авиабилеты,airline,3085,include,Midwest Express Airlines
tbank,category,Авиабилеты,airline,3086,include,Carnival Airlines
tbank,category,Авиабилеты,airline,3087,include,Metro Airlines
tbank,category,Авиабилеты,airline,3088,include,Croatia Air
tbank,category,Авиабилеты,airline,3089,include,Transaero
tbank,category,Авиабилеты,airline,3090,include,Uni Airways
tbank,category,Авиабилеты,airline,3092,include,Midway Airlines
tbank,category,Авиабилеты,airline,3093,include,"Авиалинии, авиакомпании"
tbank,category,Авиабилеты,airline,3094,include,Zambia Airways
tbank,category,Авиабилеты,airline,3095,include,"Авиалинии, авиакомпании"
tbank,category,Авиабилеты,airline,3096,include,Air Zimbabwe
tbank,category,Авиабилеты,airline,3097,include,Spanair
tbank,category,Авиабилеты,airline,3098,include,Asiana Airlines
tbank,category,Авиабилеты,airline,3099,include,Cathay Pacific
tbank,category,Авиабилеты,airline,3100,include,Malaysian Airline System
tbank,category,Авиабилеты,airline,3101,include,"Авиалинии, авиакомпании"
tbank,category,Авиабилеты,airline,3102,include,Iberia
tbank,category,Авиабилеты,airline,3103,include,Garuda (Индонезия)
tbank,category,Авиабилеты,airline,3104,include,"Авиалинии, авиакомпании"
tbank,category,Авиабилеты,airline,3105,include,"Авиалинии, авиакомпании"
tbank,category,Авиабилеты,airline,3106,include,Braathens S.A.F.E. (Норвегия)
tbank,category,Авиабилеты,airline,3107,include,"Авиалинии, авиакомпании"
tbank,category,Авиабилеты,airline,3109,include,"Авиалинии, авиакомпании"
tbank,category,Авиабилеты,airline,3110,include,"Авиалинии, авиакомпании"
tbank,category,Авиабилеты,airline,3111,include,British Midland
tbank,category,Авиабилеты,airline,3112,include,Windward Island
tbank,category,Авиабилеты,airline,3113,include,"Авиалинии, авиакомпании"
tbank,category,Авиабилеты,airline,3114,include,"Авиалинии, авиакомпании"
tbank,category,Авиабилеты,airline,3115,include,"Авиалинии, авиакомпании"
tbank,category,Авиабилеты,airline,3116,include,"Авиалинии, авиакомпании"
tbank,category,Авиабилеты,airline,3117,include,Venezolana International de Aviacion
tbank,category,Авиабилеты,airline,3118,include,"Авиалинии, авиакомпании"
tbank,category,Авиабилеты,airline,3119,include,"Авиалинии, авиакомпании"
tbank,category,Авиабилеты,airline,3120,include,"Авиалинии, авиакомпании"
tbank,category,Авиабилеты,airline,3121,include,"Авиалинии, авиакомпании"
tbank,category,Авиабилеты,airline,3122,include,"Авиалинии, авиакомпании"
tbank,category,Авиабилеты,airline,3123,include,"Авиалинии, авиакомпании"
tbank,category,Авиабилеты,airline,3124,include,"Авиалинии, авиакомпании"
tbank,category,Авиабилеты,airline,3125,include,Tan Airlines
tbank,category,Авиабилеты,airline,3126,include,"Авиалинии, авиакомпании"
tbank,category,Авиабилеты,airline,3127,include,Taca International
tbank,category,Авиабилеты,airline,3128,include,"Авиалинии, авиакомпании"
tbank,category,Авиабилеты,airline,3129,include,Surinam Airways
tbank,category,Авиабилеты,airline,3130,include,Sunworld International Airways
tbank,category,Авиабилеты,airline,3131,include,VLM Airlines
tbank,category,Авиабилеты,airline,3132,include,Frontier Airlines
tbank,category,Авиабилеты,airline,3133,include,"Авиалинии, авиакомпании"
tbank,category,Авиабилеты,airline,3134,include,"Авиалинии, авиакомпании"
tbank,category,Авиабилеты,airline,3135,include,"Авиалинии, авиакомпании"
tbank,category,Авиабилеты,airline,3136,include,Qatar Airways Company W.L.L.
tbank,category,Авиабилеты,airline,3137,include,"Авиалинии, авиакомпании"
tbank,category,Авиабилеты,airline,3138,include,"Авиалинии, авиакомпании"
tbank,category,Авиабилеты,airline,3139,include,"Авиалинии, авиакомпании"
tbank,category,Авиабилеты,airline,3140,include,"Авиалинии, авиакомпании"
tbank,category,Авиабилеты,airline,3141,include,"Авиалинии, авиакомпании"
tbank,category,Авиабилеты,airline,3142,include,"Авиалинии, авиакомпании"
tbank,category,Авиабилеты,airline,3143,include,"Авиалинии, авиакомпании"
tbank,category,Авиабилеты,airline,3144,include,Virgin Atlantic
tbank,category,Авиабилеты,airline,3145,include,"Авиалинии, авиакомпании"
tbank,category,Авиабилеты,airline,3146,include,Luxair
tbank,category,Авиабилеты,airline,3147,include,"Авиалинии, авиакомпании"
tbank,category,Авиабилеты,airline,3148,include,"Air Littoral, S.A."
tbank,category,Авиабилеты,airline,3150,include,"Авиалинии, авиакомпании"
tbank,category,Авиабилеты,airline,3151,include,Air Zaire
tbank,category,Авиабилеты,airline,3152,include,"Авиалинии, авиакомпании"
tbank,category,Авиабилеты,airline,3153,include,"Авиалинии, авиакомпании"
tbank,category,Авиабилеты,airline,3154,include,"Авиалинии, авиакомпании"
tbank,category,Авиабилеты,airline,3155,include,"Авиалинии, авиакомпании"
tbank,category,Авиабилеты,airline,3156,include,GO FLY Ltd.
tbank,category,Авиабилеты,airline,3157,include,"Авиалинии, авиакомпании"
tbank,category,Авиабилеты,airline,3158,include,"Авиалинии, авиакомпании"
tbank,category,Авиабилеты,airline,3159,include,Provincetown-Boston Airways
tbank,category,Авиабилеты,airline,3160,include,"Авиалинии, авиакомпании"
tbank,category,Авиабилеты,airline,3161,include,All Nippon Airways
tbank,category,Авиабилеты,airline,3162,include,"Авиалинии, авиакомпании"
tbank,category,Авиабилеты,airline,3163,include,"Авиалинии, авиакомпании"
tbank,category,Авиабилеты,airline,3164,include,Norontair
tbank,category,Авиабилеты,airline,3165,include,"Авиалинии, авиакомпании"
tbank,category,Авиабилеты,airline,3166,include,"Авиалинии, авиакомпании"
tbank,category,Авиабилеты,airline,3167,include,Aero Continente
tbank,category,Авиабилеты,airline,3168,include,"Авиалинии, авиакомпании"
tbank,category,Авиабилеты,airline,3169,include,Riyadh Air
tbank,category,Авиабилеты,airline,3170,include,"Авиалинии, авиакомпании"
tbank,category,Авиабилеты,airline,3171,include,Canadian Airlines
tbank,category,Авиабилеты,airline,3172,include,Nation Air
tbank,category,Авиабилеты,airline,3173,include,"Авиалинии, авиакомпании"
tbank,category,Авиабилеты,airline,3174,include,JetBlue Airways
tbank,category,Авиабилеты,airline,3175,include,Middle East Air
tbank,category,Авиабилеты,airline,3176,include,"Авиалинии, авиакомпании"
tbank,category,Авиабилеты,airline,3177,include,AirTran Airways
tbank,category,Авиабилеты,airline,3178,include,Mesa Air
tbank,category,Авиабилеты,airline,3179,include,"Авиалинии, авиакомпании"
tbank,category,Авиабилеты,airline,3180,include,Westjet Airlines
tbank,category,Авиабилеты,airline,3181,include,Malev Hungarian Airlines
tbank,category,Авиабилеты,airline,3182,include,LOT – Polish Airlines
tbank,category,Авиабилеты,airline,3183,include,Oman Aviation Services
tbank,category,Авиабилеты,airline,3184,include,LIAT
tbank,category,Авиабилеты,airline,3185,include,LAV Linea Aeropostal Venezolana
tbank,category,Авиабилеты,airline,3186,include,LAP Lineas Aereas Paraguayas
tbank,category,Авиабилеты,airline,3187,include,LACSA (Коста Рика)
tbank,category,Авиабилеты,airline,3188,include,Virgin Express
tbank,category,Авиабилеты,airline,3189,include,"Авиалинии, авиакомпании"
tbank,category,Авиабилеты,airline,3190,include,Jugoslav Air
tbank,category,Авиабилеты,airline,3191,include,Island Airlines
tbank,category,Авиабилеты,airline,3192,include,"Авиалинии, авиакомпании"
tbank,category,Авиабилеты,airline,3193,include,Indian Airlines
tbank,category,Авиабилеты,airline,3194,include,"Авиалинии, авиакомпании"
tbank,category,Авиабилеты,airline,3195,include,"Авиалинии, авиакомпании"
tbank,category,Авиабилеты,airline,3196,include,Hawaiian Air
tbank,category,Авиабилеты,airline,3197,include,Havasu Airlines
tbank,category,Авиабилеты,airline,3198,include,"Авиалинии, авиакомпании"
tbank,category,Авиабилеты,airline,3199,include,Servicios Aereos Militares
tbank,category,Авиабилеты,airline,3200,include,Guyana Airways
tbank,category,Авиабилеты,airline,3201,include,"Авиалинии, авиакомпании"
tbank,category,Авиабилеты,airline,3202,include,"Авиалинии, авиакомпании"
tbank,category,Авиабилеты,airline,3203,include,"Авиалинии, авиакомпании"
tbank,category,Авиабилеты,airline,3204,include,Freedom Airlines
tbank,category,Авиабилеты,airline,3205,include,"Авиалинии, авиакомпании"
tbank,category,Авиабилеты,airline,3206,include,China Eastern Airlines
tbank,category,Авиабилеты,airline,3207,include,"Авиалинии, авиакомпании"
tbank,category,Авиабилеты,airline,3208,include,"Авиалинии, авиакомпании"
tbank,category,Авиабилеты,airline,3209,include,"Авиалинии, авиакомпании"
tbank,category,Авиабилеты,airline,3210,include,"Авиалинии, авиакомпании"
tbank,category,Авиабилеты,airline,3211,include,Norwegian Air Shuttle
tbank,category,Авиабилеты,airline,3212,include,Dominicana de Aviacion
tbank,category,Авиабилеты,airline,3213,include,Braathens Regional Airlines
tbank,category,Авиабилеты,airline,3214,include,"Авиалинии, авиакомпании"
tbank,category,Авиабилеты,airline,3215,include,"Авиалинии, авиакомпании"
tbank,category,Авиабилеты,airline,3216,include,"Авиалинии, авиакомпании"
tbank,category,Авиабилеты,airline,3217,include,CSA Ceskoslovenske Aerolinie
tbank,category,Авиабилеты,airline,3218,include,"Авиалинии, авиакомпании"
tbank,category,Авиабилеты,airline,3219,include,Compania Panamena de Aviacion
tbank,category,Авиабилеты,airline,3220,include,Compania Faucett
tbank,category,Авиабилеты,airline,3221,include,Transportes Aeros Militares Ecuatorianos
tbank,category,Авиабилеты,airline,3222,include,Command Airways
tbank,category,Авиабилеты,airline,3223,include,Comair
tbank,category,Авиабилеты,airline,3224,include,"Авиалинии, авиакомпании"
tbank,category,Авиабилеты,airline,3225,include,"Авиалинии, авиакомпании"
tbank,category,Авиабилеты,airline,3226,include,Skyways
tbank,category,Авиабилеты,airline,3227,include,"Авиалинии, авиакомпании"
tbank,category,Авиабилеты,airline,3228,include,Cayman Airways
tbank,category,Авиабилеты,airline,3229,include,SAETA (Sociedad Ecuatorianas De Transportes Aereo)
tbank,category,Авиабилеты,airline,3230,include,"Авиалинии, авиакомпании"
tbank,category,Авиабилеты,airline,3231,include,SAHSA (Servicio Aero de Honduras)
tbank,category,Авиабилеты,airline,3232,include,"Авиалинии, авиакомпании"
tbank,category,Авиабилеты,airline,3233,include,"Авиалинии, авиакомпании"
tbank,category,Авиабилеты,airline,3234,include,Caribbean Airlines
tbank,category,Авиабилеты,airline,3235,include,"Авиалинии, авиакомпании"
tbank,category,Авиабилеты,airline,3236,include,Air Arabia Airline
tbank,category,Авиабилеты,airline,3237,include,"Авиалинии, авиакомпании"
tbank,category,Авиабилеты,airline,3238,include,"Авиалинии, авиакомпании"
tbank,category,Авиабилеты,airline,3239,include,Bar Harbor Airlines
tbank,category,Авиабилеты,airline,3240,include,Bahamasair
tbank,category,Авиабилеты,airline,3241,include,Aviateca (Гватемала)
tbank,category,Авиабилеты,airline,3242,include,Avensa
tbank,category,Авиабилеты,airline,3243,include,Austrian Air Service
tbank,category,Авиабилеты,airline,3244,include,"Авиалинии, авиакомпании"
tbank,category,Авиабилеты,airline,3245,include,EasyJet
tbank,category,Авиабилеты,airline,3246,include,Ryanair
tbank,category,Авиабилеты,airline,3247,include,Gol Airlines
tbank,category,Авиабилеты,airline,3248,include,Tam Airlines
tbank,category,Авиабилеты,airline,3249,include,"Авиалинии, авиакомпании"
tbank,category,Авиабилеты,airline,3250,include,"Авиалинии, авиакомпании"
tbank,category,Авиабилеты,airline,3251,include,"Авиалинии, авиакомпании"
tbank,category,Авиабилеты,airline,3252,include,ALM Antilean Airlines
tbank,category,Авиабилеты,airline,3253,include,America West
tbank,category,Авиабилеты,airline,3254,include,Trump Airline
tbank,category,Авиабилеты,airline,3256,include,Alaska Airlines Inc.
tbank,category,Авиабилеты,airline,3257,include,"Авиалинии, авиакомпании"
tbank,category,Авиабилеты,airline,3258,include,"Авиалинии, авиакомпании"
tbank,category,Авиабилеты,airline,3259,include,"Авиалинии, авиакомпании"
tbank,category,Авиабилеты,airline,3260,include,Spirit Airlines
tbank,category,Авиабилеты,airline,3261,include,Air China
tbank,category,Авиабилеты,airline,3262,include,"Авиалинии, авиакомпании"
tbank,category,Авиабилеты,airline,3263,include,Aero Servicio Carabobo
tbank,category,Авиабилеты,airline,3264,include,"Авиалинии, авиакомпании"
tbank,category,Авиабилеты,airline,3265,include,"Авиалинии, авиакомпании"
tbank,category,Авиабилеты,airline,3266,include,Air Seychelles
tbank,category,Авиабилеты,airline,3267,include,Air Panama International
tbank,category,Авиабилеты,airline,3268,include,"Авиалинии, авиакомпании"
tbank,category,Авиабилеты,airline,3270,include,"Авиалинии, авиакомпании"
tbank,category,Авиабилеты,airline,3274,include,"Авиалинии, авиакомпании"
tbank,category,Авиабилеты,airline,3275,include,"Авиалинии, авиакомпании"
tbank,category,Авиабилеты,airline,3276,include,"Авиалинии, авиакомпании"
tbank,category,Авиабилеты,airline,3277,include,"Авиалинии, авиакомпании"
tbank,category,Авиабилеты,airline,3278,include,"Авиалинии, авиакомпании"
tbank,category,Авиабилеты,airline,3279,include,"Авиалинии, авиакомпании"
tbank,category,Авиабилеты,airline,3280,include,Air Jamaica
tbank,category,Авиабилеты,airline,3281,include,"Авиалинии, авиакомпании"
tbank,category,Авиабилеты,airline,3282,include,Air Djibouti
tbank,category,Авиабилеты,airline,3283,include,"Авиалинии, авиакомпании"
tbank,category,Авиабилеты,airline,3284,include,"Авиалинии, авиакомпании"
tbank,category,Авиабилеты,airline,3285,include,Aero Peru
tbank,category,Авиабилеты,airline,3286,include,Aero Nicaraguenses
tbank,category,Авиабилеты,airline,3287,include,Aero Coach Aviation
tbank,category,Авиабилеты,airline,3288,include,"Авиалинии, авиакомпании"
tbank,category,Авиабилеты,airline,3289,include,"Авиалинии, авиакомпании"
tbank,category,Авиабилеты,airline,3290,include,"Авиалинии, авиакомпании"
tbank,category,Авиабилеты,airline,3291,include,"Авиалинии, авиакомпании"
tbank,category,Авиабилеты,airline,3292,include,Cyprus Airways
tbank,category,Авиабилеты,airline,3293,include,Ecuatoriana
tbank,category,Авиабилеты,airline,3294,include,Ethiopian Airlines
tbank,category,Авиабилеты,airline,3295,include,Kenya Airways
tbank,category,Авиабилеты,airline,3296,include,Air Berlin
tbank,category,Авиабилеты,airline,3297,include,Tarom Romanian Air Transport
tbank,category,Авиабилеты,airline,3298,include,Air Mauritius
tbank,category,Авиабилеты,airline,3299,include,Wideroes Flyveselskap
tbank,category,Авиабилеты,airline,3300,include,Azul Air
tbank,category,Авиабилеты,airline,3301,include,Wizz Air
tbank,category,Авиабилеты,airline,3302,include,Flybe Air
tbank,category,Авиабилеты,airline,3308,include,
tbank,category,Авиабилеты,airline,3350,include,
tbank,category,Авиабилеты,airline,4304,include,Категория неизвестна
tbank,category,Авиабилеты,airline,4415,include,
tbank,category,Авиабилеты,airline,4418,include,
tbank,category,Авиабилеты,airline,4511,include,"Авиалинии, авиакомпании - нигде более не классифицированные"
tbank,category,Авиабилеты,airline,4582,include,"Аэропорты, терминалы аэропортов, лётные поля"
tbank,category,Ж/д билеты,rail,4011,include,Железные дороги – перевозка грузов
tbank,category,Ж/д билеты,rail,4112,include,Пассажирские железнодорожные перевозки
tbank,category,Duty Free,duty_free,5309,include,Беспошлинные магазины Duty Free
tbank,category,Спорттовары,sports_goods,5655,include,"Спортивная одежда, одежда для верховой езды и езды на мотоцикле"
tbank,category,Спорттовары,sports_goods,5940,include,Веломагазины – продажа и обслуживание
tbank,category,Спорттовары,sports_goods,5941,include,Спорттовары
tbank,category,Тренировки,fitness,7911,include,"Танцевальные залы, школы и студии"
tbank,category,Тренировки,fitness,7941,include,"Атлетические поля, коммерческие виды спорта, профессиональные спортивные клубы, промоутеры спорта"
tbank,category,Тренировки,fitness,7992,include,Публичные поля для гольфа
tbank,category,Тренировки,fitness,7997,include,"Клубы – загородные клубы, членство (отдых, спорт), частные поля для гольфа"
tbank,category,Каршеринг,car_rental,3351,include, Affiliated Auto Rental
tbank,category,Каршеринг,car_rental,3352,include, American Intl Rent-a-car
tbank,category,Каршеринг,car_rental,3353,include, Brooks Rent-a-car
tbank,category,Каршеринг,car_rental,3354,include, Action Auto Rental
tbank,category,Каршеринг,car_rental,3355,include,Агентства по аренде автомобилей
tbank,category,Каршеринг,car_rental,3356,include,Агентства по аренде автомобилей
tbank,category,Каршеринг,car_rental,3357,include, Hertz Rent-a-car
tbank,category,Каршеринг,car_rental,3358,include,Агентства по аренде автомобилей
tbank,category,Каршеринг,car_rental,3359,include, Payless Car Rental
tbank,category,Каршеринг,car_rental,3360,include, Snappy Car Rental
tbank,category,Каршеринг,car_rental,3361,include, Airways Rent-a-car
tbank,category,Каршеринг,car_rental,3362,include, Altra Auto Rental
tbank,category,Каршеринг,car_rental,3363,include,Агентства по аренде автомобилей
tbank,category,Каршеринг,car_rental,3364,include, Agency Rent-a-car
tbank,category,Каршеринг,car_rental,3365,include,Агентства по аренде автомобилей
tbank,category,Каршеринг,car_rental,3366,include, Budget Rent-a-car
tbank,category,Каршеринг,car_rental,3367,include,Агентства по аренде автомобилей
tbank,category,Каршеринг,car_rental,3368,include, Holiday Rent-a-wreck
tbank,category,Каршеринг,car_rental,3369,include,Агентства по аренде автомобилей
tbank,category,Каршеринг,car_rental,3370,include, Rent-a-wreck
tbank,category,Каршеринг,car_rental,3371,include,Агентства по аренде автомобилей
tbank,category,Каршеринг,car_rental,3372,include,Агентства по аренде автомобилей
tbank,category,Каршеринг,car_rental,3373,include,Агентства по аренде автомобилей
tbank,category,Каршеринг,car_rental,3374,include,Агентства по аренде автомобилей
tbank,category,Каршеринг,car_rental,3375,include,Агентства по аренде автомобилей
tbank,category,Каршеринг,car_rental,3376,include, Ajax Rent-a-car
tbank,category,Каршеринг,car_rental,3377,include,Агентства по аренде автомобилей
tbank,category,Каршеринг,car_rental,3378,include,Агентства по аренде автомобилей
tbank,category,Каршеринг,car_rental,3379,include,Агентства по аренде автомобилей
tbank,category,Каршеринг,car_rental,3380,include,Агентства по аренде автомобилей
tbank,category,Каршеринг,car_rental,3381,include, Europ Car
tbank,category,Каршеринг,car_rental,3382,include,Агентства по аренде автомобилей
tbank,category,Каршеринг,car_rental,3383,include,Агентства по аренде автомобилей
tbank,category,Каршеринг,car_rental,3384,include,Агентства по аренде автомобилей
tbank,category,Каршеринг,car_rental,3385,include, Tropical Rent-a-car
tbank,category,Каршеринг,car_rental,3386,include, Showcase Rental Cars
tbank,category,Каршеринг,car_rental,3387,include, Alamo Rent-a-car
tbank,category,Каршеринг,car_rental,3388,include,Агентства по аренде автомобилей
tbank,category,Каршеринг,car_rental,3389,include, Avis Rent-a-car
tbank,category,Каршеринг,car_rental,3390,include, Dollar Rent-a-car
tbank,category,Каршеринг,car_rental,3391,include, Europe By Car
tbank,category,Каршеринг,car_rental,3392,include,Агентства по аренде автомобилей
tbank,category,Каршеринг,car_rental,3393,include, National Car Rental
tbank,category,Каршеринг,car_rental,3394,include, Kemwell Group Rent-a-car
tbank,category,Каршеринг,car_rental,3395,include, Thrifty Rent-a-car
tbank,category,Каршеринг,car_rental,3396,include, Tilden Tent-a-car
tbank,category,Каршеринг,car_rental,3397,include,Агентства по аренде автомобилей
tbank,category,Каршеринг,car_rental,3398,include, Econo-car Rent-a-car
tbank,category,Каршеринг,car_rental,3399,include,Amerex Rent-a-Car
tbank,category,Каршеринг,car_rental,3400,include, Auto Host Cost Car Rentals
tbank,category,Каршеринг,car_rental,3401,include,Агентства по аренде автомобилей
tbank,category,Каршеринг,car_rental,3402,include,Агентства по аренде автомобилей
tbank,category,Каршеринг,car_rental,3403,include,Агентства по аренде автомобилей
tbank,category,Каршеринг,car_rental,3404,include,Агентства по аренде автомобилей
tbank,category,Каршеринг,car_rental,3405,include, Enterprise Rent-a-car
tbank,category,Каршеринг,car_rental,3406,include,Агентства по аренде автомобилей
tbank,category,Каршеринг,car_rental,3407,include,Агентства по аренде автомобилей
tbank,category,Каршеринг,car_rental,3408,include,Агентства по аренде автомобилей
tbank,category,Каршеринг,car_rental,3409,include, General Rent-a-car
tbank,category,Каршеринг,car_rental,3410,include,Агентства по аренде автомобилей
tbank,category,Каршеринг,car_rental,3412,include, A-1 Rent-a-car
tbank,category,Каршеринг,car_rental,3413,include,Агентства по аренде автомобилей
tbank,category,Каршеринг,car_rental,3414,include, Godfrey Natl Rent-a-car
tbank,category,Каршеринг,car_rental,3415,include,Агентства по аренде автомобилей
tbank,category,Каршеринг,car_rental,3416,include,Агентства по аренде автомобилей
tbank,category,Каршеринг,car_rental,3417,include,Агентства по аренде автомобилей
tbank,category,Каршеринг,car_rental,3418,include,Агентства по аренде автомобилей
tbank,category,Каршеринг,car_rental,3419,include, Alpha Rent-a-car
tbank,category,Каршеринг,car_rental,3420,include, Ansa Intl Rent-a-car
tbank,category,Каршеринг,car_rental,3421,include, Allstae Rent-a-car
tbank,category,Каршеринг,car_rental,3422,include,Агентства по аренде автомобилей
tbank,category,Каршеринг,car_rental,3423,include, Avcar Rent-a-car
tbank,category,Каршеринг,car_rental,3425,include, Automate Rent-a-car
tbank,category,Каршеринг,car_rental,3426,include,Агентства по аренде автомобилей
tbank,category,Каршеринг,car_rental,3427,include, Avon Rent-a-car
tbank,category,Каршеринг,car_rental,3428,include, Carey Rent-a-car
tbank,category,Каршеринг,car_rental,3429,include, Insurance Rent-a-car
tbank,category,Каршеринг,car_rental,3430,include, Major Rent-a-car
tbank,category,Каршеринг,car_rental,3431,include, Replacement Rent-a-car
tbank,category,Каршеринг,car_rental,3432,include, Reserve Rent-a-car
tbank,category,Каршеринг,car_rental,3433,include, Ugly Duckling Rent-a-car
tbank,category,Каршеринг,car_rental,3434,include, USA Rent-a-car
tbank,category,Каршеринг,car_rental,3435,include, Value Rent-a-car
tbank,category,Каршеринг,car_rental,3436,include, Autohansa Rent-a-car
tbank,category,Каршеринг,car_rental,3437,include, Cite Rent-a-car
tbank,category,Каршеринг,car_rental,3438,include, Interent Rent-a-car
tbank,category,Каршеринг,car_rental,3439,include, Milleville Rent-a-car
tbank,category,Каршеринг,car_rental,3440,include,Via Route Rent-a-Car
tbank,category,Каршеринг,car_rental,3441,include,Агентства по аренде автомобилей
tbank,category,Каршеринг,car_rental,7512,include,Агентства по прокату автомобилей - нигде более не классифицированные
tbank,category,Каршеринг,car_rental,7513,include,Прокат аксессуаров для трэйлеров и грузовиков.
tbank,category,Каршеринг,car_rental,7519,include,"Прокат домиков на колесах, аксессуары к наземному транспорту."
tbank,category,Местный транспорт,transport,4111,include,"Пассажирские перевозки - пригородные и местные пригородные рейсы, включая паромы"
tbank,category,Такси,taxi,4121,include,Лимузины и такси
tbank,category,Гаджеты и техника,electronics,5722,include,Бытовое оборудование
tbank,category,Гаджеты и техника,electronics,5732,include,Продажа электронного оборудования
tbank,category,Детские товары,kids,5641,include,"Детская одежда, включая одежду для самых маленьких"
tbank,category,Детские товары,kids,5945,include,"Игрушки, игры и хобби-товары"
tbank,category,Одежда и обувь,clothing,5137,include,"Мужская, женская и детская спецодежда"
tbank,category,Одежда и обувь,clothing,5139,include,Спец-обувь
tbank,category,Одежда и обувь,clothing,5611,include,"Мужская одежда и аксессуары, включая одежду для мальчиков"
tbank,category,Одежда и обувь,clothing,5621,include,Готовая женская одежда
tbank,category,Одежда и обувь,clothing,5631,include,Аксессуары для женщин
tbank,category,Одежда и обувь,clothing,5651,include,Одежда для всей семьи
tbank,category,Одежда и обувь,clothing,5661,include,Обувные магазины
tbank,category,Одежда и обувь,clothing,5681,include,Изготовление и продажа меховых изделий
tbank,category,Одежда и обувь,clothing,5691,include,Магазины мужской и женской одежды
tbank,category,Одежда и обувь,clothing,5697,include,"Услуги по переделке, починке и пошиву одежды"
tbank,category,Одежда и обувь,clothing,5698,include,Парики и накладки из искусственных волос
tbank,category,Одежда и обувь,clothing,5699,include,Различные магазины одежды и аксессуаров
tbank,category,Одежда и обувь,clothing,5931,include,"Секонд-хенды, магазины б/у товаров, комиссионки"
tbank,category,Одежда и обувь,clothing,5948,include,"Магазины кожаных изделий, дорожных принадлежностей"
tbank,category,Одежда и обувь,clothing,7296,include,"Сдача в аренду костюмов, униформы, простой одежды"
tbank,category,Подарки и творчество,gifts,5947,include,"Магазины открыток, подарков, новинок и сувениров"
tbank,category,Подарки и творчество,gifts,5949,include,"Магазины ткани, ниток, рукоделия, шитья"
tbank,category,Подарки и творчество,gifts,5970,include,Магазины художественных и ремесляных изделий
tbank,category,Подарки и творчество,gifts,5972,include,Магазины монет и марок (филателические и нумизматические)
tbank,category,Цветы,flowers,5193,include,"Принадлежности для флористов, питомник и цветы"
tbank,category,Цветы,flowers,5992,include,Флористика
tbank,exclusion:always,"MCC, по которым не начисляются бонусы в программах лояльност",,0015,exclude,
tbank,exclusion:always,"MCC, по которым не начисляются бонусы в программах лояльност",,0020,exclude,
tbank,exclusion:always,"MCC, по которым не начисляются бонусы в программах лояльност",,4722,exclude,Туристические агентства и организаторы экскурсий
tbank,exclusion:always,"MCC, по которым не начисляются бонусы в программах лояльност",,4812,exclude,"Телекоммуникационное оборудование, включая продажу телефонов"
tbank,exclusion:always,"MCC, по которым не начисляются бонусы в программах лояльност",,4813,exclude,"Торговые точки телеком клавишного ввода, предлагающие единичные локальные и дальние телефонные звонки, используя центральный номер доступа без разговора с оператором и используя код доступа"
tbank,exclusion:always,"MCC, по которым не начисляются бонусы в программах лояльност",,4814,exclude,Телекоммуникационные услуги
tbank,exclusion:always,"MCC, по которым не начисляются бонусы в программах лояльност",,4816,exclude,"Компьютерные сети, информационные услуги"
tbank,exclusion:always,"MCC, по которым не начисляются бонусы в программах лояльност",,4829,exclude,Денежные переводы
tbank,exclusion:always,"MCC, по которым не начисляются бонусы в программах лояльност",,4900,exclude,Жилищно-коммунальные услуги
tbank,exclusion:always,"MCC, по которым не начисляются бонусы в программах лояльност",,5199,exclude,Товары недлительного пользования - нигде более не классифицированные
tbank,exclusion:always,"MCC, по которым не начисляются бонусы в программах лояльност",,5416,exclude,
tbank,exclusion:always,"MCC, по которым не начисляются бонусы в программах лояльност",,5417,exclude,
tbank,exclusion:always,"MCC, по которым не начисляются бонусы в программах лояльност",,5511,exclude,"Легковой и грузовой транспорт – продажа, сервис, ремонт, запчасти и лизинг."
tbank,exclusion:always,"MCC, по которым не начисляются бонусы в программах лояльност",,5960,exclude,Прямой маркетинг – страховые услуги
tbank,exclusion:always,"MCC, по которым не начисляются бонусы в программах лояльност",,6009,exclude,МФО
tbank,exclusion:always,"MCC, по которым не начисляются бонусы в программах лояльност",,6012,exclude,Финансовые учреждения – торговля и услуги
tbank,exclusion:always,"MCC, по которым не начисляются бонусы в программах лояльност",,6050,exclude,Квази-Кэш – Финансовые учреждения
tbank,exclusion:always,"MCC, по которым не начисляются бонусы в программах лояльност",,6051,exclude,Квази-Кэш – Нефинансовые учреждения
tbank,exclusion:always,"MCC, по которым не начисляются бонусы в программах лояльност",,6211,exclude,Услуги брокеров на рынке ценных бумаг
tbank,exclusion:always,"MCC, по которым не начисляются бонусы в программах лояльност",,6300,exclude,Услуги страховых компаний
tbank,exclusion:always,"MCC, по которым не начисляются бонусы в программах лояльност",,6381,exclude,Страховые премии
tbank,exclusion:always,"MCC, по которым не начисляются бонусы в программах лояльност",,6399,exclude,Страхование – нигде более не классифицированные
tbank,exclusion:always,"MCC, по которым не начисляются бонусы в программах лояльност",,6513,exclude,Агенты недвижимости и менеджеры - Аренда
tbank,exclusion:always,"MCC, по которым не начисляются бонусы в программах лояльност",,6529,exclude,Удалённое пополнение предоплаченной карты - Финансовые организации
tbank,exclusion:always,"MCC, по которым не начисляются бонусы в программах лояльност",,6530,exclude,Удалённое пополнение предоплаченной карты - Торговая точка
tbank,exclusion:always,"MCC, по которым не начисляются бонусы в программах лояльност",,6531,exclude,Оплата услуг – денежные переводы
tbank,exclusion:always,"MCC, по которым не начисляются бонусы в программах лояльност",,6532,exclude,Платежная операция - финансовое учреждение
tbank,exclusion:always,"MCC, по которым не начисляются бонусы в программах лояльност",,6533,exclude,Платежная операция - продавец
tbank,exclusion:always,"MCC, по которым не начисляются бонусы в программах лояльност",,6534,exclude,Денежный перевод - финансовое учреждение
tbank,exclusion:always,"MCC, по которым не начисляются бонусы в программах лояльност",,6535,exclude,Права требования на ценности — Финансовые организации
tbank,exclusion:always,"MCC, по которым не начисляются бонусы в программах лояльност",,6536,exclude,Денежные переводы с карты на карту – зачисление (внутри страны)
tbank,exclusion:always,"MCC, по которым не начисляются бонусы в программах лояльност",,6537,exclude,Денежные переводы с карты на карту – зачисление (между странами)
tbank,exclusion:always,"MCC, по которым не начисляются бонусы в программах лояльност",,6538,exclude,Денежные переводы с карты на карту – списание
tbank,exclusion:always,"MCC, по которым не начисляются бонусы в программах лояльност",,6540,exclude,"Пополнение небанковских предоплаченных карт, счетов"
tbank,exclusion:always,"MCC, по которым не начисляются бонусы в программах лояльност",,6611,exclude,Переплата (авансовые платежи)
tbank,exclusion:always,"MCC, по которым не начисляются бонусы в программах лояльност",,6760,exclude,Облигации сберегательного займа
tbank,exclusion:always,"MCC, по которым не начисляются бонусы в программах лояльност",,7277,exclude,"Долги, брак, личные вопросы - консультирование"
tbank,exclusion:always,"MCC, по которым не начисляются бонусы в программах лояльност",,7299,exclude,Различные услуги - нигде более не классифицированные
tbank,exclusion:always,"MCC, по которым не начисляются бонусы в программах лояльност",,7311,exclude,Рекламные услуги
tbank,exclusion:always,"MCC, по которым не начисляются бонусы в программах лояльност",,7322,exclude,Агентства взыскания долгов
tbank,exclusion:always,"MCC, по которым не начисляются бонусы в программах лояльност",,7372,exclude,"Программирование, обработка данных, проектирование интегрированных систем"
tbank,exclusion:always,"MCC, по которым не начисляются бонусы в программах лояльност",,7399,exclude,Бизнес услуги – нигде более не классифицированные
tbank,exclusion:always,"MCC, по которым не начисляются бонусы в программах лояльност",,7995,exclude,Азартные игры
tbank,exclusion:always,"MCC, по которым не начисляются бонусы в программах лояльност",,8641,exclude,"Гражданские, социальные и братские ассоциации"
tbank,exclusion:always,"MCC, по которым не начисляются бонусы в программах лояльност",,8661,exclude,Религиозные организации
tbank,exclusion:always,"MCC, по которым не начисляются бонусы в программах лояльност",,8931,exclude,Аудит и бухгалтерский учет
tbank,exclusion:always,"MCC, по которым не начисляются бонусы в программах лояльност",,8999,exclude,Профессиональные услуги - нигде более не классифицированные
tbank,exclusion:always,"MCC, по которым не начисляются бонусы в программах лояльност",,9211,exclude,"Судебные выплаты, включая алименты и детскую поддержку"
tbank,exclusion:always,"MCC, по которым не начисляются бонусы в программах лояльност",,9222,exclude,Штрафы
tbank,exclusion:always,"MCC, по которым не начисляются бонусы в программах лояльност",,9223,exclude,Платежи по залогам и облигациям
tbank,exclusion:always,"MCC, по которым не начисляются бонусы в программах лояльност",,9311,exclude,Налоговые платежи
tbank,exclusion:always,"MCC, по которым не начисляются бонусы в программах лояльност",,9390,exclude,Госуслуги
tbank,exclusion:always,"MCC, по которым не начисляются бонусы в программах лояльност",,9400,exclude,Перевод на специальный счёт оператора финансовой платформы
tbank,exclusion:always,"MCC, по которым не начисляются бонусы в программах лояльност",,9406,exclude,Государственные лотереи (кроме США)
tbank,exclusion:always,"MCC, по которым не начисляются бонусы в программах лояльност",,9411,exclude,Платежи по государственному займу
yandex,category,"Кафе, рестораны и бары",restaurants_all,5811,include,Поставщики провизии
yandex,category,"Кафе, рестораны и бары",restaurants_all,5812,include,"Места общественного питания, рестораны"
yandex,category,"Кафе, рестораны и бары",restaurants_all,5813,include,"Бары, коктейль-бары, дискотеки, ночные клубы и таверны – места продажи алкогольных напитков"
yandex,category,"Кафе, рестораны и бары",restaurants_all,5814,include,Фастфуд
yandex,category,"Кафе, рестораны и бары",restaurants_all,5462,include,Булочные
yandex,category,Образование,education,8211,include,Начальная и средняя школы
yandex,category,Образование,education,8220,include,"Колледжи, университеты, профессиональные училища и техникумы"
yandex,category,Образование,education,8241,include,Дистанционные школы
yandex,category,Образование,education,8244,include,Бизнес / секретарские школы
yandex,category,Образование,education,8249,include,Профессиональные школы и училища
yandex,category,Образование,education,8299,include,"Образовательные услуги,  нигде более не классифицированные"
yandex,category,Образование,education,8351,include,Услуги ухода за детьми
yandex,category,Образование,education,8493,include,
yandex,category,Образование,education,8494,include,
yandex,category,Одежда и обувь,clothing,5137,include,"Мужская, женская и детская спецодежда"
yandex,category,Одежда и обувь,clothing,5139,include,Спец-обувь
yandex,category,Одежда и обувь,clothing,5611,include,"Мужская одежда и аксессуары, включая одежду для мальчиков"
yandex,category,Одежда и обувь,clothing,5621,include,Готовая женская одежда
yandex,category,Одежда и обувь,clothing,5631,include,Аксессуары для женщин
yandex,category,Одежда и обувь,clothing,5641,include,"Детская одежда, включая одежду для самых маленьких"
yandex,category,Одежда и обувь,clothing,5651,include,Одежда для всей семьи
yandex,category,Одежда и обувь,clothing,5661,include,Обувные магазины
yandex,category,Одежда и обувь,clothing,5681,include,Изготовление и продажа меховых изделий
yandex,category,Одежда и обувь,clothing,5691,include,Магазины мужской и женской одежды
yandex,category,Одежда и обувь,clothing,5697,include,"Услуги по переделке, починке и пошиву одежды"
yandex,category,Одежда и обувь,clothing,5698,include,Парики и накладки из искусственных волос
yandex,category,Одежда и обувь,clothing,5699,include,Различные магазины одежды и аксессуаров
yandex,category,Одежда и обувь,clothing,5931,include,"Секонд-хенды, магазины б/у товаров, комиссионки"
yandex,category,Одежда и обувь,clothing,5948,include,"Магазины кожаных изделий, дорожных принадлежностей"
yandex,category,Одежда и обувь,clothing,5949,include,"Магазины ткани, ниток, рукоделия, шитья"
yandex,category,Одежда и обувь,clothing,7296,include,"Сдача в аренду костюмов, униформы, простой одежды"
yandex,category,Развлечения,entertainment,4457,include,Аренда и лизинг суден
yandex,category,Развлечения,entertainment,7012,include,Тайм-шер
yandex,category,Развлечения,entertainment,7221,include,Фотостудии
yandex,category,Развлечения,entertainment,7911,include,"Танцевальные залы, школы и студии"
yandex,category,Развлечения,entertainment,7922,include,"Театральные продюсеры (кроме кинофильмов), билетные агентства"
yandex,category,Развлечения,entertainment,7929,include,"Музыкальные группы, оркестры и прочие развлекательные услуги"
yandex,category,Развлечения,entertainment,7932,include,Бильярд-клубы
yandex,category,Развлечения,entertainment,7933,include,Боулинг
yandex,category,Развлечения,entertainment,7991,include,Туристические достопримечательности и выставки
yandex,category,Развлечения,entertainment,7993,include,Принадлежности для видеоигр
yandex,category,Развлечения,entertainment,7994,include,Клубы видеоигр
yandex,category,Развлечения,entertainment,7996,include,"Парки аттракционов, карнавалы, цирки, гадалки"
yandex,category,Развлечения,entertainment,7998,include,"Аквариумы, дельфинарии, зоопарки и морские парки"
yandex,category,Развлечения,entertainment,7999,include,Услуги отдыха - нигде более не классифицированные
yandex,category,Развлечения,entertainment,8664,include,Категория неизвестна
yandex,category,Городской транспорт,transport,4111,include,"Пассажирские перевозки - пригородные и местные пригородные рейсы, включая паромы"
yandex,category,Городской транспорт,transport,4131,include,Автобусные линии
yandex,category,Цветы,flowers,5992,include,Флористика
yandex,category,Аптеки,pharmacy,5122,include,"Лекарства, их распространители, аптеки"
yandex,category,Аптеки,pharmacy,5292,include,Категория неизвестна
yandex,category,Аптеки,pharmacy,5295,include,Категория неизвестна
yandex,category,Аптеки,pharmacy,5912,include,Аптеки
yandex,category,Товары для дома,home,0780,include,Услуги садоводства и ландшафтного дизайна
yandex,category,Товары для дома,home,1520,include,Генеральные подрядчики – жилое и коммерческое строительство
yandex,category,Товары для дома,home,1711,include,"Генеральные подрядчики по вентиляции, теплоснабжению и водопроводу"
yandex,category,Товары для дома,home,1731,include,Подрядчики по электричеству
yandex,category,Товары для дома,home,1740,include,"Изоляция, мозаика, штукатурные работы, каменная кладка, облицовка плиткой, кафелем"
yandex,category,Товары для дома,home,1750,include,Столярные работы
yandex,category,Товары для дома,home,1761,include,"Кровельные и сайдинговые работы, обработка листового металла"
yandex,category,Товары для дома,home,1771,include,Подрядчики бетонных работ
yandex,category,Товары для дома,home,2842,include,"Санитарная обработка, полировка и специализированная подготовка"
yandex,category,Товары для дома,home,5021,include,Офисная и торговая мебель
yandex,category,Товары для дома,home,5039,include,Строительные материалы – нигде более не классифицированные
yandex,category,Товары для дома,home,5051,include,Центры и офисы работ по металлу
yandex,category,Товары для дома,home,5072,include,Оборудование и сопутствующие материалы для технического обеспечения
yandex,category,Товары для дома,home,5074,include,Оборудование для водопровода и отопительной системы
yandex,category,Товары для дома,home,5198,include,Лакокрасочная продукция и сопровождающие товары
yandex,category,Товары для дома,home,5200,include,Товары для дома
yandex,category,Товары для дома,home,5211,include,Лесо- и строительный материал
yandex,category,Товары для дома,home,5231,include,"Розничная продажа стекла, красок и обоев"
yandex,category,Товары для дома,home,5251,include,Скобяные товары в розницу
yandex,category,Товары для дома,home,5261,include,Садовые принадлежности (в том числе для ухода за газонами) в розницу
yandex,category,Товары для дома,home,5415,include,Категория неизвестна
yandex,category,Товары для дома,home,5712,include,"Оборудование, мебель и бытовые принадлежности (кроме электрооборудования)"
yandex,category,Товары для дома,home,5713,include,Покрытия для пола
yandex,category,Товары для дома,home,5714,include,"Ткани, обивочный материал, гардины и портьеры, жалюзи"
yandex,category,Товары для дома,home,5718,include,"Продажа каминов, экранов для каминов и аксессуаров"
yandex,category,Товары для дома,home,5719,include,Различные специализированные магазины бытовых принадлежностей
yandex,category,Товары для дома,home,5932,include,"Антикварные магазины – продажа, ремонт и услуги реставрации"
yandex,category,Товары для дома,home,5950,include,Магазины хрусталя и изделий из стекла
yandex,category,Товары для дома,home,5996,include,Плавательные бассейны – продажа и снабжение
yandex,category,Товары для дома,home,7641,include,"Обивка, ремонт и отделка мебели"
yandex,category,Товары для дома,home,7692,include,Ремонт с помощью сварки
yandex,category,Красота,beauty,5977,include,Магазины косметики
yandex,category,Красота,beauty,7230,include,Парикмахерские и салоны красоты
yandex,category,Красота,beauty,7297,include,Массажные салоны
yandex,category,Красота,beauty,7298,include,Салоны красоты и здоровья
yandex,category,Спорт и фитнес,sports_fitness,5655,include,"Спортивная одежда, одежда для верховой езды и езды на мотоцикле"
yandex,category,Спорт и фитнес,sports_fitness,5940,include,Веломагазины – продажа и обслуживание
yandex,category,Спорт и фитнес,sports_fitness,5941,include,Спорттовары
yandex,category,Спорт и фитнес,sports_fitness,7941,include,"Атлетические поля, коммерческие виды спорта, профессиональные спортивные клубы, промоутеры спорта"
yandex,category,Спорт и фитнес,sports_fitness,7992,include,Публичные поля для гольфа
yandex,category,Спорт и фитнес,sports_fitness,7997,include,"Клубы – загородные клубы, членство (отдых, спорт), частные поля для гольфа"
yandex,category,Медицина,medical,4119,include,Услуги скорой помощи
yandex,category,Медицина,medical,5975,include,"Слуховые аппараты – продажа, сервис, снабжение"
yandex,category,Медицина,medical,5976,include,Ортопедические товары
yandex,category,Медицина,medical,8011,include,Врачи – нигде более не классифицированные
yandex,category,Медицина,medical,8021,include,"Стоматологи, ортодонты"
yandex,category,Медицина,medical,8031,include,Остеопаты
yandex,category,Медицина,medical,8041,include,Мануальные терапевты
yandex,category,Медицина,medical,8042,include,"Оптометристы, офтальмологи"
yandex,category,Медицина,medical,8043,include,"Оптика, оптические товары и очки"
yandex,category,Медицина,medical,8049,include,Ортопеды
yandex,category,Медицина,medical,8050,include,Услуги персонального ухода
yandex,category,Медицина,medical,8062,include,Больницы
yandex,category,Медицина,medical,8071,include,Стоматологические и медицинские лаборатории
yandex,category,Медицина,medical,8099,include,"Медицинские работники, медицинские услуги – нигде более не классифицированные"
yandex,category,Супермаркеты,groceries,5297,include,Retail Internet Volume
yandex,category,Супермаркеты,groceries,5298,include,Internet Shopping Grocery Store
yandex,category,Супермаркеты,groceries,5300,include,Оптовики
yandex,category,Супермаркеты,groceries,5309,include,Беспошлинные магазины Duty Free
yandex,category,Супермаркеты,groceries,5331,include,Универсальные магазины
yandex,category,Супермаркеты,groceries,5411,include,"Бакалейные магазины, супермаркеты"
yandex,category,Супермаркеты,groceries,5412,include,Гибридные супермаркеты
yandex,category,Супермаркеты,groceries,5422,include,Продажа свежего и мороженого мяса
yandex,category,Супермаркеты,groceries,5441,include,Кондитерские
yandex,category,Супермаркеты,groceries,5451,include,Продажа молочных продуктов в розницу
yandex,category,Супермаркеты,groceries,5499,include,Различные продовольственные магазины - нигде более не классифицированные
yandex,category,Супермаркеты,groceries,5715,include,Оптовые продавцы алкоголя
yandex,category,Кино,cinema,7832,include,Кинотеатры
yandex,category,Кино,cinema,7841,include,Видеопрокат
yandex,category,Кино,cinema,7829,include,Производство и распространение кинофильмов и видеокассет
yandex,category,Автоуслуги,auto_services,5521,include,Продажа легковых и грузовых автомобилей (только подержанных)
yandex,category,Автоуслуги,auto_services,5531,include,Автомагазины и товары для дома
yandex,category,Автоуслуги,auto_services,5532,include,Автошины
yandex,category,Автоуслуги,auto_services,5533,include,Автозапчасти и аксессуары
yandex,category,Автоуслуги,auto_services,7531,include,Кузовной ремонт автомобилей
yandex,category,Автоуслуги,auto_services,7534,include,Шиномонтаж и вулканизация
yandex,category,Автоуслуги,auto_services,7535,include,Покраска автомобилей
yandex,category,Автоуслуги,auto_services,7538,include,Автосервисы
yandex,category,Автоуслуги,auto_services,7542,include,Автомойки
yandex,category,Питомцы,pets,0742,include,Ветеринарные услуги
yandex,category,Питомцы,pets,5995,include,Зоомагазины
yandex,category,Книги,books,2741,include,Различные издательства/ печатное дело
yandex,category,Книги,books,5111,include,"Канцелярия, офисные сопутствующие товары, бумага для печатания и письма"
yandex,category,Книги,books,5192,include,"Книги, периодические издания и газеты"
yandex,category,Книги,books,5942,include,Книжные магазины
yandex,category,Книги,books,5994,include,Дилеры по продаже печатной продукции
yandex,category,Электроника и бытовая техника,electronics,5732,include,Продажа электронного оборудования
yandex,category,Электроника и бытовая техника,electronics,5065,include,Электрические части и оборудование
yandex,category,Электроника и бытовая техника,electronics,5722,include,Бытовое оборудование
yandex,category,Электроника и бытовая техника,electronics,7622,include,Ремонт электроники
yandex,category,Электроника и бытовая техника,electronics,7623,include,Ремонт кондиционеров и холодильников
yandex,category,Электроника и бытовая техника,electronics,7629,include,Ремонт электрооборудования и малой бытовой техники
yandex,category,Электроника и бытовая техника,electronics,7699,include,Ремонтные услуги – нигде более не классифицированные
yandex,category,Электроника и бытовая техника,electronics,5997,include,Магазины электрических бритвенных принадлежностей – распродажа и услуги.
yandex,category,Электроника и бытовая техника,electronics,5978,include,"Магазины печатающих устройств – аренда, продажа, услуги"
yandex,category,Электроника и бытовая техника,electronics,7379,include,Ремонт компьютеров
yandex,category,Ювелирные изделия,jewelry,5094,include,"Драгоценные камни и металлы, часы и ювелирные изделия"
yandex,category,Ювелирные изделия,jewelry,5944,include,"Часы, ювелирные и серебряные изделия"
yandex,category,Платные дороги и парковки,toll_roads,4784,include,Платные дороги и мосты
yandex,category,Платные дороги и парковки,toll_roads,7033,include,Кемпинги и трейлер-парки
yandex,category,Платные дороги и парковки,toll_roads,7523,include,Паркинги и гаражи
yandex,category,Яндекс Go,taxi,4121,include,Лимузины и такси
yandex,category,Яндекс Go,taxi,4111,include,"Пассажирские перевозки - пригородные и местные пригородные рейсы, включая паромы"
yandex,category,Яндекс Go,taxi,3990,include,Экосистема Яндекса
yandex,category,Товары для детей,kids,5945,include,"Игрушки, игры и хобби-товары"
yandex,category,АЗС,fuel,5541,include,Заправочные станции (с вспомогательными услугами или без)
yandex,category,АЗС,fuel,5172,include,Нефть и нефтепродукты
yandex,category,АЗС,fuel,5542,include,Автоматические заправочные станции
yandex,category,АЗС,fuel,5552,include,Зарядка электромобилей
yandex,category,АЗС,fuel,5983,include,"Поставщики топлива – уголь, мазут, сжиженная нефть, древесина"
yandex,category,АЗС,fuel,9752,include,Автозаправочные станции (Великобритания)
yandex,category,Салоны красоты,beauty,7230,include,Парикмахерские и салоны красоты
yandex,category,Салоны красоты,beauty,7298,include,Салоны красоты и здоровья
yandex,category,Салоны красоты,beauty,7297,include,Массажные салоны
yandex,category,Парфюмерия и косметика,cosmetics,5977,include,Магазины косметики
yandex,exclusion:always,Приложение 1: MCC-исключения,,3882,exclude,Инкассация чека (обналичивание)
yandex,exclusion:always,Приложение 1: MCC-исключения,,4812,exclude,"Телекоммуникационное оборудование, включая продажу телефонов"
yandex,exclusion:always,Приложение 1: MCC-исключения,,4813,exclude,"Торговые точки телеком клавишного ввода, предлагающие единичные локальные и дальние телефонные звонки, используя центральный номер доступа без разговора с оператором и используя код доступа"
yandex,exclusion:always,Приложение 1: MCC-исключения,,4814,exclude,Телекоммуникационные услуги
yandex,exclusion:always,Приложение 1: MCC-исключения,,4815,exclude,МастерФон телефонные услуги – Ежемесячное составление телефонных счетов
yandex,exclusion:always,Приложение 1: MCC-исключения,,4816,exclude,"Компьютерные сети, информационные услуги"
yandex,exclusion:always,Приложение 1: MCC-исключения,,4821,exclude,Услуги телеграфа
yandex,exclusion:always,Приложение 1: MCC-исключения,,4829,exclude,Денежные переводы
yandex,exclusion:always,Приложение 1: MCC-исключения,,6531,exclude,Оплата услуг – денежные переводы
yandex,exclusion:always,Приложение 1: MCC-исключения,,6534,exclude,Денежный перевод - финансовое учреждение
yandex,exclusion:always,Приложение 1: MCC-исключения,,6536,exclude,Денежные переводы с карты на карту – зачисление (внутри страны)
yandex,exclusion:always,Приложение 1: MCC-исключения,,6537,exclude,Денежные переводы с карты на карту – зачисление (между странами)
yandex,exclusion:always,Приложение 1: MCC-исключения,,6538,exclude,Денежные переводы с карты на карту – списание
yandex,exclusion:always,Приложение 1: MCC-исключения,,9400,exclude,Перевод на специальный счёт оператора финансовой платформы
yandex,exclusion:always,Приложение 1: MCC-исключения,,4899,exclude,Кабельные и другие платные телевизионные услуги
yandex,exclusion:always,Приложение 1: MCC-исключения,,4900,exclude,Жилищно-коммунальные услуги
yandex,exclusion:always,Приложение 1: MCC-исключения,,5933,exclude,Ломбарды
yandex,exclusion:always,Приложение 1: MCC-исключения,,5960,exclude,Прямой маркетинг – страховые услуги
yandex,exclusion:always,Приложение 1: MCC-исключения,,5968,exclude,Прямой маркетинг – Продажа по подписке
yandex,exclusion:always,Приложение 1: MCC-исключения,,6009,exclude,МФО
yandex,exclusion:always,Приложение 1: MCC-исключения,,6010,exclude,Финансовые учреждения – выдача наличных в кассе
yandex,exclusion:always,Приложение 1: MCC-исключения,,6011,exclude,Финансовые учреждения – снятие наличных автоматически
yandex,exclusion:always,Приложение 1: MCC-исключения,,6012,exclude,Финансовые учреждения – торговля и услуги
yandex,exclusion:always,Приложение 1: MCC-исключения,,6050,exclude,Квази-Кэш – Финансовые учреждения
yandex,exclusion:always,Приложение 1: MCC-исключения,,6051,exclude,Квази-Кэш – Нефинансовые учреждения
yandex,exclusion:always,Приложение 1: MCC-исключения,,6211,exclude,Услуги брокеров на рынке ценных бумаг
yandex,exclusion:always,Приложение 1: MCC-исключения,,6399,exclude,Страхование – нигде более не классифицированные
yandex,exclusion:always,Приложение 1: MCC-исключения,,6529,exclude,Удалённое пополнение предоплаченной карты - Финансовые организации
yandex,exclusion:always,Приложение 1: MCC-исключения,,6530,exclude,Удалённое пополнение предоплаченной карты - Торговая точка
yandex,exclusion:always,Приложение 1: MCC-исключения,,6532,exclude,Платежная операция - финансовое учреждение
yandex,exclusion:always,Приложение 1: MCC-исключения,,6533,exclude,Платежная операция - продавец
yandex,exclusion:always,Приложение 1: MCC-исключения,,6535,exclude,Права требования на ценности — Финансовые организации
yandex,exclusion:always,Приложение 1: MCC-исключения,,6539,exclude,Транзакция по финансированию (исключая MoneySend)
yandex,exclusion:always,Приложение 1: MCC-исключения,,6540,exclude,"Пополнение небанковских предоплаченных карт, счетов"
yandex,exclusion:always,Приложение 1: MCC-исключения,,6542,exclude,
yandex,exclusion:always,Приложение 1: MCC-исключения,,7299,exclude,Различные услуги - нигде более не классифицированные
yandex,exclusion:always,Приложение 1: MCC-исключения,,7311,exclude,Рекламные услуги
yandex,exclusion:always,Приложение 1: MCC-исключения,,7399,exclude,Бизнес услуги – нигде более не классифицированные
yandex,exclusion:always,Приложение 1: MCC-исключения,,7801,exclude,Азартные игры в интернете (только США)
yandex,exclusion:always,Приложение 1: MCC-исключения,,7802,exclude,Лошадиные / собачьи бега (только США)
yandex,exclusion:always,Приложение 1: MCC-исключения,,7995,exclude,Азартные игры
yandex,exclusion:always,Приложение 1: MCC-исключения,,9754,exclude,Лошадиные / собачьи бега (только США)
yandex,exclusion:always,Приложение 1: MCC-исключения,,8641,exclude,"Гражданские, социальные и братские ассоциации"
yandex,exclusion:always,Приложение 1: MCC-исключения,,8651,exclude,Политические организации
yandex,exclusion:always,Приложение 1: MCC-исключения,,8661,exclude,Религиозные организации
yandex,exclusion:always,Приложение 1: MCC-исключения,,9211,exclude,"Судебные выплаты, включая алименты и детскую поддержку"
yandex,exclusion:always,Приложение 1: MCC-исключения,,9222,exclude,Штрафы
yandex,exclusion:always,Приложение 1: MCC-исключения,,9223,exclude,Платежи по залогам и облигациям
yandex,exclusion:always,Приложение 1: MCC-исключения,,9311,exclude,Налоговые платежи
yandex,exclusion:always,Приложение 1: MCC-исключения,,9999,exclude,Категория неизвестна
yandex,exclusion:always,Приложение 1: MCC-исключения,,8398,exclude,Благотворительные организации и социальные службы - сбор средств
yandex,exclusion:always,Приложение 1: MCC-исключения,,4468,exclude,"Пристани для яхт, их обслуживание и поставка расходных материалов"
yandex,exclusion:always,Приложение 1: MCC-исключения,,3991,exclude,Экосистема Сбера
yandex,exclusion:always,Приложение 1: MCC-исключения,,8699,exclude,Членские организации – нигде более не классифицированные
yandex,exclusion:always,Приложение 1: MCC-исключения,,7800,exclude,Государственные лотереи (только США)
yandex,exclusion:always,Приложение 1: MCC-исключения,,7273,exclude,Знакомства
yandex,exclusion:always,Приложение 1: MCC-исключения,,7322,exclude,Агентства взыскания долгов
yandex,exclusion:always,Приложение 1: MCC-исключения,,7511,exclude,Стоянка грузового транспорта
yandex,exclusion:always,Приложение 1: MCC-исключения,,6611,exclude,Переплата (авансовые платежи)
yandex,exclusion:always,Приложение 1: MCC-исключения,,9411,exclude,Платежи по государственному займу
yandex,exclusion:always,Приложение 1: MCC-исключения,,6740,exclude,
yandex,exclusion:always,Приложение 1: MCC-исключения,,5816,exclude,Цифровые товары – игры
yandex,exclusion:always,Приложение 1: MCC-исключения,,5817,exclude,Цифровые товары - приложения (кроме игр)
yandex,exclusion:always,Приложение 1: MCC-исключения,,5818,exclude,Цифровые товары - мультикатегория
yandex,exclusion:always,Приложение 1: MCC-исключения,,9390,exclude,Госуслуги
yandex,exclusion:always,Приложение 1: MCC-исключения,,6300,exclude,Услуги страховых компаний
yandex,exclusion:always,Приложение 1: MCC-исключения,,4722,exclude,Туристические агентства и организаторы экскурсий
yandex,exclusion:always,Приложение 1: MCC-исключения,,4215,exclude,"Услуги курьера – по воздуху и на земле, агентство по отправке грузов"
yandex,exclusion:always,Приложение 1: MCC-исключения,,9406,exclude,Государственные лотереи (кроме США)
yandex,exclusion:always,Приложение 1: MCC-исключения,,7277,exclude,"Долги, брак, личные вопросы - консультирование"
yandex,exclusion:always,Приложение 1: MCC-исключения,,4214,exclude,"Агентства по автотранспортным перевозкам, местные/ дальные автогрузоперевозки, компании попереезду и хранению, местная доставка"
yandex,exclusion:always,Приложение 1: MCC-исключения,,9402,exclude,Почтовые услуги – только государственные
yandex,exclusion:always,Приложение 1: MCC-исключения,,4789,exclude,Услуги пассажирских перевозок – нигде более не классифицированные
yandex,exclusion:always,Приложение 1: MCC-исключения,,5193,exclude,"Принадлежности для флористов, питомник и цветы"
yandex,exclusion:always,Приложение 1: MCC-исключения,,5047,exclude,Стоматологическое / лабораторное / медицинское / офтальмологическое оборудование и материалы для больниц
yandex,exclusion:always,Приложение 1: MCC-исключения,,5131,exclude,"Штучные товары, галантерея и другие текстильные товары"
yandex,exclusion:always,Приложение 1: MCC-исключения,,5045,exclude,"Компьютеры, периферийное компьютерное оборудование, программное обеспечение"
yandex,exclusion:always,Приложение 1: MCC-исключения,,5046,exclude,Коммерческое оборудование – нигде более не классифицированное
yandex,exclusion:always,Приложение 1: MCC-исключения,,5044,exclude,"Офисное, фотографическое, фотокопировальное, и микрофильмирующее оборудование"
yandex,exclusion:always,Приложение 1: MCC-исключения,,5199,exclude,Товары недлительного пользования - нигде более не классифицированные
yandex,exclusion:always,Приложение 1: MCC-исключения,,5099,exclude,Товары длительного пользования – нигде более не классифицированные
yandex,exclusion:always,Приложение 1: MCC-исключения,,2791,exclude,"Набор текстов, изготовление печатных форм и связанные услуги"
yandex,exclusion:always,Приложение 1: MCC-исключения,,5085,exclude,Промышленное оборудование –нигде более не классифицированное
yandex,exclusion:always,Приложение 1: MCC-исключения,,5169,exclude,Химикалии и смежные вещества - нигде более не классифицированные
yandex,exclusion:always,Приложение 1: MCC-исключения,,4011,exclude,Железные дороги – перевозка грузов
yandex,exclusion:always,Приложение 1: MCC-исключения,,8999,exclude,Профессиональные услуги - нигде более не классифицированные
yandex,exclusion:always,Приложение 1: MCC-исключения,,8111,exclude,"Адвокаты, юридические услуги"
yandex,exclusion:always,Приложение 1: MCC-исключения,,4225,exclude,"Складское хранение общественного пользования –сельскохозяйственных продуктов, охлаждаемые продукты, хранение предметов домашнего обихода"
yandex,exclusion:always,Приложение 1: MCC-исключения,,1799,exclude,Контрактные услуги – нигде более не классифицированные
yandex,exclusion:always,Приложение 1: MCC-исключения,,7375,exclude,Информационно-поисковые услуги
yandex,exclusion:always,Приложение 1: MCC-исключения,,8911,exclude,"Архитектурные, инженерные и геодезические услуги"
yandex,exclusion:always,Приложение 1: MCC-исключения,,7393,exclude,"Детективные агентства, охранные агентства, службы безопасности, включая бронированные автомобили, сторожевых собак"
yandex,exclusion:always,Приложение 1: MCC-исключения,,7392,exclude,"Услуги по консультированию, управлению и связям с общественностью"
yandex,exclusion:always,Приложение 1: MCC-исключения,,8391,exclude,
yandex,exclusion:always,Приложение 1: MCC-исключения,,5962,exclude,"Прямой маркетинг – услуги, относящиеся к туризму"
yandex,exclusion:always,Приложение 1: MCC-исключения,,5972,exclude,Магазины монет и марок (филателические и нумизматические)
yandex,exclusion:always,Приложение 1: MCC-исключения,,9399,exclude,Государственные услуги - нигде более не классифицированные
yandex,exclusion:always,Приложение 1: MCC-исключения,,7372,exclude,"Программирование, обработка данных, проектирование интегрированных систем"
sber,category,Супермаркеты,groceries,3990,include,Экосистема Яндекса
sber,category,Супермаркеты,groceries,3991,include,Экосистема Сбера
sber,category,Супермаркеты,groceries,5309,include,Беспошлинные магазины Duty Free
sber,category,Супермаркеты,groceries,5311,include,Универмаги
sber,category,Супермаркеты,groceries,5331,include,Универсальные магазины
sber,category,Супермаркеты,groceries,5399,include,Различные товары общего назначения
sber,category,Супермаркеты,groceries,5411,include,"Бакалейные магазины, супермаркеты"
sber,category,Супермаркеты,groceries,5412,include,Гибридные супермаркеты
sber,category,Супермаркеты,groceries,5422,include,Продажа свежего и мороженого мяса
sber,category,Супермаркеты,groceries,5441,include,Кондитерские
sber,category,Супермаркеты,groceries,5451,include,Продажа молочных продуктов в розницу
sber,category,Супермаркеты,groceries,5499,include,Различные продовольственные магазины - нигде более не классифицированные
sber,category,Супермаркеты,groceries,5921,include,Магазины с продажей спиртных напитков навынос
sber,category,Супермаркеты,groceries,9751,include,Супермаркеты (Великобритания)
sber,category,АЗС,fuel,3990,include,Экосистема Яндекса
sber,category,АЗС,fuel,3991,include,Экосистема Сбера
sber,category,АЗС,fuel,5172,include,Нефть и нефтепродукты
sber,category,АЗС,fuel,5541,include,Заправочные станции (с вспомогательными услугами или без)
sber,category,АЗС,fuel,5542,include,Автоматические заправочные станции
sber,category,АЗС,fuel,5552,include,Зарядка электромобилей
sber,category,АЗС,fuel,5983,include,"Поставщики топлива – уголь, мазут, сжиженная нефть, древесина"
sber,category,АЗС,fuel,9752,include,Автозаправочные станции (Великобритания)
sber,category,Автозапчасти,auto_parts,5013,include,Поставщики грузовиков и запчастей
sber,category,Автозапчасти,auto_parts,5271,include,Продажа жилых фургонов
sber,category,Автозапчасти,auto_parts,5511,include,"Легковой и грузовой транспорт – продажа, сервис, ремонт, запчасти и лизинг."
sber,category,Автозапчасти,auto_parts,5531,include,Автомагазины и товары для дома
sber,category,Автозапчасти,auto_parts,5532,include,Автошины
sber,category,Автозапчасти,auto_parts,5533,include,Автозапчасти и аксессуары
sber,category,Автоуслуги,auto_services,7531,include,Кузовной ремонт автомобилей
sber,category,Автоуслуги,auto_services,7534,include,Шиномонтаж и вулканизация
sber,category,Автоуслуги,auto_services,7535,include,Покраска автомобилей
sber,category,Автоуслуги,auto_services,7538,include,Автосервисы
sber,category,Автоуслуги,auto_services,7549,include,Услуги буксировки и эвакуации
sber,category,Автоуслуги,auto_services,4784,include,Платные дороги и мосты
sber,category,Автоуслуги,auto_services,7511,include,Стоянка грузового транспорта
sber,category,Автоуслуги,auto_services,7523,include,Паркинги и гаражи
sber,category,Автоуслуги,auto_services,7542,include,Автомойки
sber,category,Автоуслуги,auto_services,5521,include,Продажа легковых и грузовых автомобилей (только подержанных)
sber,category,Автоуслуги,auto_services,5551,include,Продажа лодок
sber,category,Автоуслуги,auto_services,5561,include,"Дома- автоприцепы, жилые неразборные и грузовые прицепы"
sber,category,Автоуслуги,auto_services,5571,include,Продажа мотоциклов
sber,category,Автоуслуги,auto_services,5592,include,Продажа домов на колесах
sber,category,Автоуслуги,auto_services,5598,include,Продажа снегоходов
sber,category,Автоуслуги,auto_services,5599,include,"Продажа различного рода автомобилей, авиа- и с/х оборудования - нигде более не классифицированные"
sber,category,Штрафы ГИБДД,fines,9222,include,Штрафы
sber,category,Кафе и рестораны,restaurants_all,3990,include,Экосистема Яндекса
sber,category,Кафе и рестораны,restaurants_all,3991,include,Экосистема Сбера
sber,category,Кафе и рестораны,restaurants_all,5462,include,Булочные
sber,category,Кафе и рестораны,restaurants_all,5811,include,Поставщики провизии
sber,category,Кафе и рестораны,restaurants_all,5812,include,"Места общественного питания, рестораны"
sber,category,Кафе и рестораны,restaurants_all,5813,include,"Бары, коктейль-бары, дискотеки, ночные клубы и таверны – места продажи алкогольных напитков"
sber,category,Кафе и рестораны,restaurants_all,5814,include,Фастфуд
sber,category,Одежда и обувь,clothing,5137,include,"Мужская, женская и детская спецодежда"
sber,category,Одежда и обувь,clothing,5139,include,Спец-обувь
sber,category,Одежда и обувь,clothing,5611,include,"Мужская одежда и аксессуары, включая одежду для мальчиков"
sber,category,Одежда и обувь,clothing,5621,include,Готовая женская одежда
sber,category,Одежда и обувь,clothing,5631,include,Аксессуары для женщин
sber,category,Одежда и обувь,clothing,5651,include,Одежда для всей семьи
sber,category,Одежда и обувь,clothing,5661,include,Обувные магазины
sber,category,Одежда и обувь,clothing,5681,include,Изготовление и продажа меховых изделий
sber,category,Одежда и обувь,clothing,5691,include,Магазины мужской и женской одежды
sber,category,Одежда и обувь,clothing,5699,include,Различные магазины одежды и аксессуаров
sber,category,Одежда и обувь,clothing,5931,include,"Секонд-хенды, магазины б/у товаров, комиссионки"
sber,category,Одежда и обувь,clothing,5948,include,"Магазины кожаных изделий, дорожных принадлежностей"
sber,category,Одежда и обувь,clothing,7296,include,"Сдача в аренду костюмов, униформы, простой одежды"
sber,category,Товары для дома,home,0780,include,Услуги садоводства и ландшафтного дизайна
sber,category,Товары для дома,home,1520,include,Генеральные подрядчики – жилое и коммерческое строительство
sber,category,Товары для дома,home,1711,include,"Генеральные подрядчики по вентиляции, теплоснабжению и водопроводу"
sber,category,Товары для дома,home,1740,include,"Изоляция, мозаика, штукатурные работы, каменная кладка, облицовка плиткой, кафелем"
sber,category,Товары для дома,home,1750,include,Столярные работы
sber,category,Товары для дома,home,1761,include,"Кровельные и сайдинговые работы, обработка листового металла"
sber,category,Товары для дома,home,1771,include,Подрядчики бетонных работ
sber,category,Товары для дома,home,1799,include,Контрактные услуги – нигде более не классифицированные
sber,category,Товары для дома,home,2842,include,"Санитарная обработка, полировка и специализированная подготовка"
sber,category,Товары для дома,home,5021,include,Офисная и торговая мебель
sber,category,Товары для дома,home,5039,include,Строительные материалы – нигде более не классифицированные
sber,category,Товары для дома,home,5051,include,Центры и офисы работ по металлу
sber,category,Товары для дома,home,5072,include,Оборудование и сопутствующие материалы для технического обеспечения
sber,category,Товары для дома,home,5074,include,Оборудование для водопровода и отопительной системы
sber,category,Товары для дома,home,5198,include,Лакокрасочная продукция и сопровождающие товары
sber,category,Товары для дома,home,5200,include,Товары для дома
sber,category,Товары для дома,home,5211,include,Лесо- и строительный материал
sber,category,Товары для дома,home,5231,include,"Розничная продажа стекла, красок и обоев"
sber,category,Товары для дома,home,5251,include,Скобяные товары в розницу
sber,category,Товары для дома,home,5261,include,Садовые принадлежности (в том числе для ухода за газонами) в розницу
sber,category,Товары для дома,home,5712,include,"Оборудование, мебель и бытовые принадлежности (кроме электрооборудования)"
sber,category,Товары для дома,home,5713,include,Покрытия для пола
sber,category,Товары для дома,home,5714,include,"Ткани, обивочный материал, гардины и портьеры, жалюзи"
sber,category,Товары для дома,home,5718,include,"Продажа каминов, экранов для каминов и аксессуаров"
sber,category,Товары для дома,home,5719,include,Различные специализированные магазины бытовых принадлежностей
sber,category,Товары для дома,home,5950,include,Магазины хрусталя и изделий из стекла
sber,category,Товары для дома,home,5996,include,Плавательные бассейны – продажа и снабжение
sber,category,Товары для дома,home,5998,include,Магазины палаток и навесов
sber,category,Товары для детей,kids,5641,include,"Детская одежда, включая одежду для самых маленьких"
sber,category,Товары для детей,kids,5945,include,"Игрушки, игры и хобби-товары"
sber,category,Питомцы,pets,0742,include,Ветеринарные услуги
sber,category,Питомцы,pets,5995,include,Зоомагазины
sber,category,Такси и каршеринг,taxi_carsharing,3990,include,Экосистема Яндекса
sber,category,Такси и каршеринг,taxi_carsharing,3991,include,Экосистема Сбера
sber,category,Такси и каршеринг,taxi_carsharing,4121,include,Лимузины и такси
sber,category,Такси и каршеринг,taxi_carsharing,7512,include,Агентства по прокату автомобилей - нигде более не классифицированные
sber,category,Такси,taxi,4121,include,Лимузины и такси
sber,category,Такси,taxi,3990,include,Экосистема Яндекса
sber,category,Аренда авто,car_rental,3351,include, Affiliated Auto Rental
sber,category,Аренда авто,car_rental,3352,include, American Intl Rent-a-car
sber,category,Аренда авто,car_rental,3353,include, Brooks Rent-a-car
sber,category,Аренда авто,car_rental,3354,include, Action Auto Rental
sber,category,Аренда авто,car_rental,3355,include,Агентства по аренде автомобилей
sber,category,Аренда авто,car_rental,3356,include,Агентства по аренде автомобилей
sber,category,Аренда авто,car_rental,3357,include, Hertz Rent-a-car
sber,category,Аренда авто,car_rental,3358,include,Агентства по аренде автомобилей
sber,category,Аренда авто,car_rental,3359,include, Payless Car Rental
sber,category,Аренда авто,car_rental,3360,include, Snappy Car Rental
sber,category,Аренда авто,car_rental,3361,include, Airways Rent-a-car
sber,category,Аренда авто,car_rental,3362,include, Altra Auto Rental
sber,category,Аренда авто,car_rental,3363,include,Агентства по аренде автомобилей
sber,category,Аренда авто,car_rental,3364,include, Agency Rent-a-car
sber,category,Аренда авто,car_rental,3365,include,Агентства по аренде автомобилей
sber,category,Аренда авто,car_rental,3366,include, Budget Rent-a-car
sber,category,Аренда авто,car_rental,3367,include,Агентства по аренде автомобилей
sber,category,Аренда авто,car_rental,3368,include, Holiday Rent-a-wreck
sber,category,Аренда авто,car_rental,3369,include,Агентства по аренде автомобилей
sber,category,Аренда авто,car_rental,3370,include, Rent-a-wreck
sber,category,Аренда авто,car_rental,3371,include,Агентства по аренде автомобилей
sber,category,Аренда авто,car_rental,3372,include,Агентства по аренде автомобилей
sber,category,Аренда авто,car_rental,3373,include,Агентства по аренде автомобилей
sber,category,Аренда авто,car_rental,3374,include,Агентства по аренде автомобилей
sber,category,Аренда авто,car_rental,3375,include,Агентства по аренде автомобилей
sber,category,Аренда авто,car_rental,3376,include, Ajax Rent-a-car
sber,category,Аренда авто,car_rental,3377,include,Агентства по аренде автомобилей
sber,category,Аренда авто,car_rental,3378,include,Агентства по аренде автомобилей
sber,category,Аренда авто,car_rental,3379,include,Агентства по аренде автомобилей
sber,category,Аренда авто,car_rental,3380,include,Агентства по аренде автомобилей
sber,category,Аренда авто,car_rental,3381,include, Europ Car
sber,category,Аренда авто,car_rental,3382,include,Агентства по аренде автомобилей
sber,category,Аренда авто,car_rental,3383,include,Агентства по аренде автомобилей
sber,category,Аренда авто,car_rental,3384,include,Агентства по аренде автомобилей
sber,category,Аренда авто,car_rental,3385,include, Tropical Rent-a-car
sber,category,Аренда авто,car_rental,3386,include, Showcase Rental Cars
sber,category,Аренда авто,car_rental,3387,include, Alamo Rent-a-car
sber,category,Аренда авто,car_rental,3388,include,Агентства по аренде автомобилей
sber,category,Аренда авто,car_rental,3389,include, Avis Rent-a-car
sber,category,Аренда авто,car_rental,3390,include, Dollar Rent-a-car
sber,category,Аренда авто,car_rental,3391,include, Europe By Car
sber,category,Аренда авто,car_rental,3392,include,Агентства по аренде автомобилей
sber,category,Аренда авто,car_rental,3393,include, National Car Rental
sber,category,Аренда авто,car_rental,3394,include, Kemwell Group Rent-a-car
sber,category,Аренда авто,car_rental,3395,include, Thrifty Rent-a-car
sber,category,Аренда авто,car_rental,3396,include, Tilden Tent-a-car
sber,category,Аренда авто,car_rental,3397,include,Агентства по аренде автомобилей
sber,category,Аренда авто,car_rental,3398,include, Econo-car Rent-a-car
sber,category,Аренда авто,car_rental,3400,include, Auto Host Cost Car Rentals
sber,category,Аренда авто,car_rental,3401,include,Агентства по аренде автомобилей
sber,category,Аренда авто,car_rental,3402,include,Агентства по аренде автомобилей
sber,category,Аренда авто,car_rental,3403,include,Агентства по аренде автомобилей
sber,category,Аренда авто,car_rental,3404,include,Агентства по аренде автомобилей
sber,category,Аренда авто,car_rental,3405,include, Enterprise Rent-a-car
sber,category,Аренда авто,car_rental,3406,include,Агентства по аренде автомобилей
sber,category,Аренда авто,car_rental,3407,include,Агентства по аренде автомобилей
sber,category,Аренда авто,car_rental,3408,include,Агентства по аренде автомобилей
sber,category,Аренда авто,car_rental,3409,include, General Rent-a-car
sber,category,Аренда авто,car_rental,3410,include,Агентства по аренде автомобилей
sber,category,Аренда авто,car_rental,3412,include, A-1 Rent-a-car
sber,category,Аренда авто,car_rental,3413,include,Агентства по аренде автомобилей
sber,category,Аренда авто,car_rental,3414,include, Godfrey Natl Rent-a-car
sber,category,Аренда авто,car_rental,3415,include,Агентства по аренде автомобилей
sber,category,Аренда авто,car_rental,3416,include,Агентства по аренде автомобилей
sber,category,Аренда авто,car_rental,3417,include,Агентства по аренде автомобилей
sber,category,Аренда авто,car_rental,3418,include,Агентства по аренде автомобилей
sber,category,Аренда авто,car_rental,3419,include, Alpha Rent-a-car
sber,category,Аренда авто,car_rental,3420,include, Ansa Intl Rent-a-car
sber,category,Аренда авто,car_rental,3421,include, Allstae Rent-a-car
sber,category,Аренда авто,car_rental,3422,include,Агентства по аренде автомобилей
sber,category,Аренда авто,car_rental,3423,include, Avcar Rent-a-car
sber,category,Аренда авто,car_rental,3425,include, Automate Rent-a-car
sber,category,Аренда авто,car_rental,3426,include,Агентства по аренде автомобилей
sber,category,Аренда авто,car_rental,3427,include, Avon Rent-a-car
sber,category,Аренда авто,car_rental,3428,include, Carey Rent-a-car
sber,category,Аренда авто,car_rental,3429,include, Insurance Rent-a-car
sber,category,Аренда авто,car_rental,3430,include, Major Rent-a-car
sber,category,Аренда авто,car_rental,3431,include, Replacement Rent-a-car
sber,category,Аренда авто,car_rental,3432,include, Reserve Rent-a-car
sber,category,Аренда авто,car_rental,3433,include, Ugly Duckling Rent-a-car
sber,category,Аренда авто,car_rental,3434,include, USA Rent-a-car
sber,category,Аренда авто,car_rental,3435,include, Value Rent-a-car
sber,category,Аренда авто,car_rental,3436,include, Autohansa Rent-a-car
sber,category,Аренда авто,car_rental,3437,include, Cite Rent-a-car
sber,category,Аренда авто,car_rental,3438,include, Interent Rent-a-car
sber,category,Аренда авто,car_rental,3439,include, Milleville Rent-a-car
sber,category,Аренда авто,car_rental,3441,include,Агентства по аренде автомобилей
sber,category,Аренда авто,car_rental,7512,include,Агентства по прокату автомобилей - нигде более не классифицированные
sber,category,Аренда авто,car_rental,7513,include,Прокат аксессуаров для трэйлеров и грузовиков.
sber,category,Аренда авто,car_rental,7519,include,"Прокат домиков на колесах, аксессуары к наземному транспорту."
sber,category,Аренда авто,car_rental,3991,include,Экосистема Сбера
sber,category,Кино и театр,theaters,3991,include,Экосистема Сбера
sber,category,Кино и театр,theaters,7832,include,Кинотеатры
sber,category,Кино и театр,theaters,7833,include,Экспресс-оплата – Кинотеатр
sber,category,Кино и театр,theaters,7841,include,Видеопрокат
sber,category,Кино и театр,theaters,7922,include,"Театральные продюсеры (кроме кинофильмов), билетные агентства"
sber,category,Парфюмерия и косметика,cosmetics,5977,include,Магазины косметики
sber,category,Ювелирные изделия,jewelry,5094,include,"Драгоценные камни и металлы, часы и ювелирные изделия"
sber,category,Ювелирные изделия,jewelry,5944,include,"Часы, ювелирные и серебряные изделия"
sber,category,Цифровые товары,digital,5734,include,Продажа компьютерного программного обеспечения
sber,category,Цифровые товары,digital,5735,include,Магазины звукозаписи
sber,category,Цифровые товары,digital,5815,include,"Цифровые товары - аудиовизуальные медиа, включая книги, фильмы и музыку"
sber,category,Цифровые товары,digital,5816,include,Цифровые товары – игры
sber,category,Цифровые товары,digital,5817,include,Цифровые товары - приложения (кроме игр)
sber,category,Цифровые товары,digital,5818,include,Цифровые товары - мультикатегория
sber,category,Цветы,flowers,5193,include,"Принадлежности для флористов, питомник и цветы"
sber,category,Цветы,flowers,5992,include,Флористика
sber,category,Книги,books,2741,include,Различные издательства/ печатное дело
sber,category,Книги,books,5111,include,"Канцелярия, офисные сопутствующие товары, бумага для печатания и письма"
sber,category,Книги,books,5192,include,"Книги, периодические издания и газеты"
sber,category,Книги,books,5942,include,Книжные магазины
sber,category,Книги,books,5943,include,"Магазины офисных, школьных принадлежностей, канцтоваров"
sber,category,Книги,books,5994,include,Дилеры по продаже печатной продукции
sber,category,Образование,education,3990,include,Экосистема Яндекса
sber,category,Образование,education,3991,include,Экосистема Сбера
sber,category,Образование,education,8211,include,Начальная и средняя школы
sber,category,Образование,education,8220,include,"Колледжи, университеты, профессиональные училища и техникумы"
sber,category,Образование,education,8241,include,Дистанционные школы
sber,category,Образование,education,8244,include,Бизнес / секретарские школы
sber,category,Образование,education,8249,include,Профессиональные школы и училища
sber,category,Образование,education,8299,include,"Образовательные услуги,  нигде более не классифицированные"
sber,category,Образование,education,8351,include,Услуги ухода за детьми
sber,category,Хобби и развлечения,entertainment,4457,include,Аренда и лизинг суден
sber,category,Хобби и развлечения,entertainment,5733,include,"Продажа музыкальных инструментов, фортепиано, нот."
sber,category,Хобби и развлечения,entertainment,5735,include,Магазины звукозаписи
sber,category,Хобби и развлечения,entertainment,5832,include,
sber,category,Хобби и развлечения,entertainment,5937,include,Магазины репродукций и антиквариата
sber,category,Хобби и развлечения,entertainment,5946,include,Магазины фотооборудования и фотоприборов
sber,category,Хобби и развлечения,entertainment,5947,include,"Магазины открыток, подарков, новинок и сувениров"
sber,category,Хобби и развлечения,entertainment,5949,include,"Магазины ткани, ниток, рукоделия, шитья"
sber,category,Хобби и развлечения,entertainment,5970,include,Магазины художественных и ремесляных изделий
sber,category,Хобби и развлечения,entertainment,5971,include,Галереи и художественные посредники
sber,category,Хобби и развлечения,entertainment,5972,include,Магазины монет и марок (филателические и нумизматические)
sber,category,Хобби и развлечения,entertainment,7221,include,Фотостудии
sber,category,Хобби и развлечения,entertainment,7333,include,"Коммерческое искусство, графика, фотография"
sber,category,Хобби и развлечения,entertainment,7395,include,"Фотостудии, фотолаборатории"
sber,category,Хобби и развлечения,entertainment,7911,include,"Танцевальные залы, школы и студии"
sber,category,Хобби и развлечения,entertainment,7929,include,"Музыкальные группы, оркестры и прочие развлекательные услуги"
sber,category,Хобби и развлечения,entertainment,7932,include,Бильярд-клубы
sber,category,Хобби и развлечения,entertainment,7933,include,Боулинг
sber,category,Хобби и развлечения,entertainment,7991,include,Туристические достопримечательности и выставки
sber,category,Хобби и развлечения,entertainment,7993,include,Принадлежности для видеоигр
sber,category,Хобби и развлечения,entertainment,7994,include,Клубы видеоигр
sber,category,Хобби и развлечения,entertainment,7996,include,"Парки аттракционов, карнавалы, цирки, гадалки"
sber,category,Хобби и развлечения,entertainment,7998,include,"Аквариумы, дельфинарии, зоопарки и морские парки"
sber,category,Хобби и развлечения,entertainment,7999,include,Услуги отдыха - нигде более не классифицированные
sber,category,Салоны красоты,beauty,7230,include,Парикмахерские и салоны красоты
sber,category,Салоны красоты,beauty,7297,include,Массажные салоны
sber,category,Салоны красоты,beauty,7298,include,Салоны красоты и здоровья
sber,category,Транспорт,transport,4111,include,"Пассажирские перевозки - пригородные и местные пригородные рейсы, включая паромы"
sber,category,Транспорт,transport,4131,include,Автобусные линии
sber,category,Электроника и бытовая техника,electronics,3991,include,Экосистема Сбера
sber,category,Электроника и бытовая техника,electronics,5065,include,Электрические части и оборудование
sber,category,Электроника и бытовая техника,electronics,5722,include,Бытовое оборудование
sber,category,Электроника и бытовая техника,electronics,5732,include,Продажа электронного оборудования
sber,category,Электроника и бытовая техника,electronics,5997,include,Магазины электрических бритвенных принадлежностей – распродажа и услуги.
sber,category,Медицинские услуги,medical,3990,include,Экосистема Яндекса
sber,category,Медицинские услуги,medical,4119,include,Услуги скорой помощи
sber,category,Медицинские услуги,medical,5975,include,"Слуховые аппараты – продажа, сервис, снабжение"
sber,category,Медицинские услуги,medical,5976,include,Ортопедические товары
sber,category,Медицинские услуги,medical,8011,include,Врачи – нигде более не классифицированные
sber,category,Медицинские услуги,medical,8021,include,"Стоматологи, ортодонты"
sber,category,Медицинские услуги,medical,8031,include,Остеопаты
sber,category,Медицинские услуги,medical,8041,include,Мануальные терапевты
sber,category,Медицинские услуги,medical,8042,include,"Оптометристы, офтальмологи"
sber,category,Медицинские услуги,medical,8043,include,"Оптика, оптические товары и очки"
sber,category,Медицинские услуги,medical,8044,include,Оптические товары и очки (TSYS)
sber,category,Медицинские услуги,medical,8049,include,Ортопеды
sber,category,Медицинские услуги,medical,8050,include,Услуги персонального ухода
sber,category,Медицинские услуги,medical,8062,include,Больницы
sber,category,Медицинские услуги,medical,8071,include,Стоматологические и медицинские лаборатории
sber,category,Медицинские услуги,medical,8099,include,"Медицинские работники, медицинские услуги – нигде более не классифицированные"
sber,category,Спорт и фитнес,sports_fitness,5655,include,"Спортивная одежда, одежда для верховой езды и езды на мотоцикле"
sber,category,Спорт и фитнес,sports_fitness,5940,include,Веломагазины – продажа и обслуживание
sber,category,Спорт и фитнес,sports_fitness,5941,include,Спорттовары
sber,category,Спорт и фитнес,sports_fitness,7941,include,"Атлетические поля, коммерческие виды спорта, профессиональные спортивные клубы, промоутеры спорта"
sber,category,Спорт и фитнес,sports_fitness,7992,include,Публичные поля для гольфа
sber,category,Спорт и фитнес,sports_fitness,7997,include,"Клубы – загородные клубы, членство (отдых, спорт), частные поля для гольфа"
sber,category,Фитнес,fitness,7941,include,"Атлетические поля, коммерческие виды спорта, профессиональные спортивные клубы, промоутеры спорта"
sber,category,Фитнес,fitness,7992,include,Публичные поля для гольфа
sber,category,Фитнес,fitness,7997,include,"Клубы – загородные клубы, членство (отдых, спорт), частные поля для гольфа"
sber,category,Спортивные товары,sports_goods,5655,include,"Спортивная одежда, одежда для верховой езды и езды на мотоцикле"
sber,category,Спортивные товары,sports_goods,5940,include,Веломагазины – продажа и обслуживание
sber,category,Спортивные товары,sports_goods,5941,include,Спорттовары
sber,category,Аптеки,pharmacy,3991,include,Экосистема Сбера
sber,category,Аптеки,pharmacy,5122,include,"Лекарства, их распространители, аптеки"
sber,category,Аптеки,pharmacy,5912,include,Аптеки
sber,category,Впечатления,experiences,3991,include,Экосистема Сбера
sber,category,Впечатления,experiences,7832,include,Кинотеатры
sber,category,Впечатления,experiences,7922,include,"Театральные продюсеры (кроме кинофильмов), билетные агентства"
sber,category,Впечатления,experiences,7933,include,Боулинг
sber,category,Впечатления,experiences,7991,include,Туристические достопримечательности и выставки
sber,category,Впечатления,experiences,7996,include,"Парки аттракционов, карнавалы, цирки, гадалки"
sber,category,Впечатления,experiences,7998,include,"Аквариумы, дельфинарии, зоопарки и морские парки"
sber,category,Впечатления,experiences,7999,include,Услуги отдыха - нигде более не классифицированные
sber,category,Фастфуд,fastfood,5814,include,Фастфуд
sber,category,Фастфуд,fastfood,3990,include,Экосистема Яндекса
sber,category,Фастфуд,fastfood,3991,include,Экосистема Сбера
sber,category,Рестораны,restaurants,5462,include,Булочные
sber,category,Рестораны,restaurants,5811,include,Поставщики провизии
sber,category,Рестораны,restaurants,5812,include,"Места общественного питания, рестораны"
sber,category,Рестораны,restaurants,5813,include,"Бары, коктейль-бары, дискотеки, ночные клубы и таверны – места продажи алкогольных напитков"
sber,category,Рестораны,restaurants,3990,include,Экосистема Яндекса
sber,category,Рестораны,restaurants,3991,include,Экосистема Сбера
sber,category,За оплату ЖКХ,utilities,4900,include,Жилищно-коммунальные услуги
sber,category,"Связь, Интернет и ТВ",telecom,4813,include,"Торговые точки телеком клавишного ввода, предлагающие единичные локальные и дальние телефонные звонки, используя центральный номер доступа без разговора с оператором и используя код доступа"
sber,category,"Связь, Интернет и ТВ",telecom,4814,include,Телекоммуникационные услуги
sber,category,"Связь, Интернет и ТВ",telecom,4815,include,МастерФон телефонные услуги – Ежемесячное составление телефонных счетов
sber,category,"Связь, Интернет и ТВ",telecom,4816,include,"Компьютерные сети, информационные услуги"
sber,category,"Связь, Интернет и ТВ",telecom,4821,include,Услуги телеграфа
sber,category,"Связь, Интернет и ТВ",telecom,4899,include,Кабельные и другие платные телевизионные услуги
sber,category,"Связь, Интернет и ТВ",telecom,7372,include,"Программирование, обработка данных, проектирование интегрированных систем"
sber,category,"Связь, Интернет и ТВ",telecom,7375,include,Информационно-поисковые услуги
sber,exclusion:always,Благотворительность,,8398,exclude,Благотворительные организации и социальные службы - сбор средств
sber,exclusion:always,Бизнес-услуги,,4468,exclude,"Пристани для яхт, их обслуживание и поставка расходных материалов"
sber,exclusion:always,Бизнес-услуги,,5933,exclude,Ломбарды
sber,exclusion:always,Бизнес-услуги,,5968,exclude,Прямой маркетинг – Продажа по подписке
sber,exclusion:always,Бизнес-услуги,,6009,exclude,МФО
sber,exclusion:always,Бизнес-услуги,,6050,exclude,Квази-Кэш – Финансовые учреждения
sber,exclusion:always,Бизнес-услуги,,6051,exclude,Квази-Кэш – Нефинансовые учреждения
sber,exclusion:always,Бизнес-услуги,,7277,exclude,"Долги, брак, личные вопросы - консультирование"
sber,exclusion:always,Бизнес-услуги,,7311,exclude,Рекламные услуги
sber,exclusion:always,Бизнес-услуги,,7372,exclude,"Программирование, обработка данных, проектирование интегрированных систем"
sber,exclusion:always,Бизнес-услуги,,7375,exclude,Информационно-поисковые услуги
sber,exclusion:always,Бизнес-услуги,,7389,exclude,Бизнес услуги – нигде более не классифицированные
sber,exclusion:always,Бизнес-услуги,,7399,exclude,Бизнес услуги – нигде более не классифицированные
sber,exclusion:always,Бизнес-услуги,,8911,exclude,"Архитектурные, инженерные и геодезические услуги"
sber,exclusion:always,Бизнес-услуги,,8999,exclude,Профессиональные услуги - нигде более не классифицированные
sber,exclusion:always,Бизнес-услуги,,9950,exclude,Покупки внутри компании
sber,exclusion:always,Бизнес-услуги,,9991,exclude,
sber,exclusion:always,Бизнес-услуги,,9999,exclude,Категория неизвестна
sber,exclusion:always,Государственные платежи и налоги,,7276,exclude,Служба налоговой подготовки
sber,exclusion:always,Государственные платежи и налоги,,9211,exclude,"Судебные выплаты, включая алименты и детскую поддержку"
sber,exclusion:always,Государственные платежи и налоги,,9222,exclude,Штрафы
sber,exclusion:always,Государственные платежи и налоги,,9223,exclude,Платежи по залогам и облигациям
sber,exclusion:always,Государственные платежи и налоги,,9311,exclude,Налоговые платежи
sber,exclusion:always,Государственные платежи и налоги,,9313,exclude,
sber,exclusion:always,Государственные платежи и налоги,,9390,exclude,Госуслуги
sber,exclusion:always,Государственные платежи и налоги,,9399,exclude,Государственные услуги - нигде более не классифицированные
sber,exclusion:always,Государственные платежи и налоги,,9401,exclude,I-Purchasing Pilot
sber,exclusion:always,Государственные платежи и налоги,,9405,exclude,Внутригосударственные закупки - только государственные
sber,exclusion:unless_category,"ЖКХ, связь, интернет — в списке исключений, но для них есть ",,4812,exclude,"Телекоммуникационное оборудование, включая продажу телефонов"
sber,exclusion:unless_category,"ЖКХ, связь, интернет — в списке исключений, но для них есть ",,4813,exclude,"Торговые точки телеком клавишного ввода, предлагающие единичные локальные и дальние телефонные звонки, используя центральный номер доступа без разговора с оператором и используя код доступа"
sber,exclusion:unless_category,"ЖКХ, связь, интернет — в списке исключений, но для них есть ",,4814,exclude,Телекоммуникационные услуги
sber,exclusion:unless_category,"ЖКХ, связь, интернет — в списке исключений, но для них есть ",,4815,exclude,МастерФон телефонные услуги – Ежемесячное составление телефонных счетов
sber,exclusion:unless_category,"ЖКХ, связь, интернет — в списке исключений, но для них есть ",,4816,exclude,"Компьютерные сети, информационные услуги"
sber,exclusion:unless_category,"ЖКХ, связь, интернет — в списке исключений, но для них есть ",,4821,exclude,Услуги телеграфа
sber,exclusion:unless_category,"ЖКХ, связь, интернет — в списке исключений, но для них есть ",,4899,exclude,Кабельные и другие платные телевизионные услуги
sber,exclusion:unless_category,"ЖКХ, связь, интернет — в списке исключений, но для них есть ",,4900,exclude,Жилищно-коммунальные услуги
sber,exclusion:always,"Лотереи, казино и азартные игры",,7800,exclude,Государственные лотереи (только США)
sber,exclusion:always,"Лотереи, казино и азартные игры",,7801,exclude,Азартные игры в интернете (только США)
sber,exclusion:always,"Лотереи, казино и азартные игры",,7802,exclude,Лошадиные / собачьи бега (только США)
sber,exclusion:always,"Лотереи, казино и азартные игры",,7995,exclude,Азартные игры
sber,exclusion:always,"Лотереи, казино и азартные игры",,9406,exclude,Государственные лотереи (кроме США)
sber,exclusion:always,"Лотереи, казино и азартные игры",,9754,exclude,Лошадиные / собачьи бега (только США)
sber,exclusion:always,Маркетплейсы,,5262,exclude,Маркетплейсы
sber,exclusion:always,Маркетплейсы,,5297,exclude,Retail Internet Volume
sber,exclusion:always,Маркетплейсы,,5298,exclude,Internet Shopping Grocery Store
sber,exclusion:always,Маркетплейсы,,5300,exclude,Оптовики
sber,exclusion:always,Маркетплейсы,,5964,exclude,Прямой маркетинг – торговля по каталогам
sber,exclusion:always,Инвестиции,,6211,exclude,Услуги брокеров на рынке ценных бумаг
sber,exclusion:always,Оптовая торговля,,2791,exclude,"Набор текстов, изготовление печатных форм и связанные услуги"
sber,exclusion:always,Оптовая торговля,,5044,exclude,"Офисное, фотографическое, фотокопировальное, и микрофильмирующее оборудование"
sber,exclusion:always,Оптовая торговля,,5045,exclude,"Компьютеры, периферийное компьютерное оборудование, программное обеспечение"
sber,exclusion:always,Оптовая торговля,,5046,exclude,Коммерческое оборудование – нигде более не классифицированное
sber,exclusion:always,Оптовая торговля,,5047,exclude,Стоматологическое / лабораторное / медицинское / офтальмологическое оборудование и материалы для больниц
sber,exclusion:always,Оптовая торговля,,5085,exclude,Промышленное оборудование –нигде более не классифицированное
sber,exclusion:always,Оптовая торговля,,5099,exclude,Товары длительного пользования – нигде более не классифицированные
sber,exclusion:always,Оптовая торговля,,5131,exclude,"Штучные товары, галантерея и другие текстильные товары"
sber,exclusion:always,Оптовая торговля,,5169,exclude,Химикалии и смежные вещества - нигде более не классифицированные
sber,exclusion:always,Оптовая торговля,,5193,exclude,"Принадлежности для флористов, питомник и цветы"
sber,exclusion:always,Оптовая торговля,,5199,exclude,Товары недлительного пользования - нигде более не классифицированные
sber,exclusion:always,Оптовая торговля,,5715,exclude,Оптовые продавцы алкоголя
sber,exclusion:always,Переводы людям,,4785,exclude,
sber,exclusion:always,Переводы людям,,4829,exclude,Денежные переводы
sber,exclusion:always,Переводы людям,,6012,exclude,Финансовые учреждения – торговля и услуги
sber,exclusion:always,Переводы людям,,6529,exclude,Удалённое пополнение предоплаченной карты - Финансовые организации
sber,exclusion:always,Переводы людям,,6530,exclude,Удалённое пополнение предоплаченной карты - Торговая точка
sber,exclusion:always,Переводы людям,,6531,exclude,Оплата услуг – денежные переводы
sber,exclusion:always,Переводы людям,,6532,exclude,Платежная операция - финансовое учреждение
sber,exclusion:always,Переводы людям,,6533,exclude,Платежная операция - продавец
sber,exclusion:always,Переводы людям,,6534,exclude,Денежный перевод - финансовое учреждение
sber,exclusion:always,Переводы людям,,6535,exclude,Права требования на ценности — Финансовые организации
sber,exclusion:always,Переводы людям,,6536,exclude,Денежные переводы с карты на карту – зачисление (внутри страны)
sber,exclusion:always,Переводы людям,,6537,exclude,Денежные переводы с карты на карту – зачисление (между странами)
sber,exclusion:always,Переводы людям,,6538,exclude,Денежные переводы с карты на карту – списание
sber,exclusion:always,Переводы людям,,6539,exclude,Транзакция по финансированию (исключая MoneySend)
sber,exclusion:always,Переводы людям,,6540,exclude,"Пополнение небанковских предоплаченных карт, счетов"
sber,exclusion:always,Переводы людям,,9400,exclude,Перевод на специальный счёт оператора финансовой платформы
sber,exclusion:always,Переводы людям,,9994,exclude,
sber,exclusion:always,Переводы людям,,9995,exclude,
sber,exclusion:always,Переводы людям,,9998,exclude,
sber,exclusion:always,"Перевозка, доставка",,4011,exclude,Железные дороги – перевозка грузов
sber,exclusion:always,"Перевозка, доставка",,4214,exclude,"Агентства по автотранспортным перевозкам, местные/ дальные автогрузоперевозки, компании попереезду и хранению, местная доставка"
sber,exclusion:always,"Перевозка, доставка",,4215,exclude,"Услуги курьера – по воздуху и на земле, агентство по отправке грузов"
sber,exclusion:always,"Перевозка, доставка",,4729,exclude,Услуги пассажирских перевозок – нигде более не классифицированные
sber,exclusion:always,"Перевозка, доставка",,4789,exclude,Услуги пассажирских перевозок – нигде более не классифицированные
sber,exclusion:always,"Перевозка, доставка",,9402,exclude,Почтовые услуги – только государственные
sber,exclusion:always,Снятие наличных,,6010,exclude,Финансовые учреждения – выдача наличных в кассе
sber,exclusion:always,Снятие наличных,,6011,exclude,Финансовые учреждения – снятие наличных автоматически
sber,exclusion:always,Снятие наличных,,9990,exclude,
sber,exclusion:always,Снятие наличных,,9996,exclude,
sber,exclusion:always,Снятие наличных,,9997,exclude,
sber,exclusion:always,Табачные магазины,,5993,exclude,Табачные магазины
sber,exclusion:always,Услуги страхования,,5960,exclude,Прямой маркетинг – страховые услуги
sber,exclusion:always,Услуги страхования,,6300,exclude,Услуги страховых компаний
sber,exclusion:always,Услуги страхования,,6381,exclude,Страховые премии
sber,exclusion:always,Услуги страхования,,6399,exclude,Страхование – нигде более не классифицированные
sber,exclusion:always,Членские организации,,8641,exclude,"Гражданские, социальные и братские ассоциации"
sber,exclusion:always,Членские организации,,8651,exclude,Политические организации
sber,exclusion:always,Членские организации,,8661,exclude,Религиозные организации
sber,exclusion:always,Членские организации,,8675,exclude,Автомобильные ассоциации
sber,exclusion:always,Членские организации,,8699,exclude,Членские организации – нигде более не классифицированные
sber,exclusion:conditional,"3990 — только сервисы Яндекса (Заправки, Такси, Uber, Еда, У",,3990,exclude,Экосистема Яндекса
sber,exclusion:conditional,"3991 — только сервисы Сбера, кроме СберСтрахования, СберЛоги",,3991,exclude,Экосистема Сбера
sber,exclusion:conditional,"6513 (недвижимость, аренда) — платёж не больше 1 млн ₽",,6513,exclude,Агенты недвижимости и менеджеры - Аренда
sber,exclusion:conditional,"5511, 5533 — покупки по категории не больше 1 млн ₽ в месяц",,5511,exclude,"Легковой и грузовой транспорт – продажа, сервис, ремонт, запчасти и лизинг."
sber,exclusion:conditional,"5511, 5533 — покупки по категории не больше 1 млн ₽ в месяц",,5533,exclude,Автозапчасти и аксессуары
sber,exclusion:unless_category,4900 — только с категорией «За оплату ЖКХ» или «ЖКХ в Сберба,,4900,exclude,Жилищно-коммунальные услуги
sber,exclusion:unless_category,4900 — только с категорией «За оплату ЖКХ» или «ЖКХ в Сберба,,9222,exclude,Штрафы
sber,exclusion:conditional,"Авиабилеты 4511, 3011 — только СпасибоТревел или Аэрофлот, Н",,4511,exclude,"Авиалинии, авиакомпании - нигде более не классифицированные"
sber,exclusion:conditional,"Авиабилеты 4511, 3011 — только СпасибоТревел или Аэрофлот, Н",,3011,exclude,Аэрофлот
sber,exclusion:conditional,Ж/д билеты 4112 — только в разделе «Тревел»,,4112,exclude,Пассажирские железнодорожные перевозки
sber,exclusion:conditional,"Отели 7011 — только «Тревел» или Отелло, МРИЯ, Манжерок, Сбе",,7011,exclude,Отели и мотели - нигде более не классифицированные
